# WaveFront *.obj file (generated by Autodesk ATF)

mtllib object.mtl

g Solid1

v 0.155000 -0.130000 -0.031000
v 0.155000 0.130000 -0.031000
v 0.155000 0.130000 -0.019000
v 0.155000 -0.130000 -0.019000
v -0.155000 0.130000 -0.031000
v -0.155000 0.130000 -0.019000
v -0.155000 -0.130000 -0.031000
v -0.155000 -0.130000 -0.019000
vt 0.047244 1.023622 0.000000
vt -0.000000 1.023622 0.000000
vt 0.047244 0.000000 0.000000
vt -0.000000 0.000000 0.000000
vt -0.047244 0.000000 0.000000
vt -0.000000 0.000000 0.000000
vt -0.047244 1.220472 0.000000
vt -0.000000 1.220472 0.000000
vt -0.047244 0.000000 0.000000
vt -0.000000 0.000000 0.000000
vt -0.047244 1.023622 0.000000
vt -0.000000 1.023622 0.000000
vt 0.047244 1.220472 0.000000
vt -0.000000 1.220472 0.000000
vt 0.047244 0.000000 0.000000
vt -0.000000 0.000000 0.000000
vt 0.610236 0.511811 0.000000
vt -0.610236 0.511811 0.000000
vt 0.610236 -0.511811 0.000000
vt -0.610236 -0.511811 0.000000
vt -0.610236 -0.511811 0.000000
vt 0.610236 -0.511811 0.000000
vt -0.610236 0.511811 0.000000
vt 0.610236 0.511811 0.000000
vn 100.000000 -0.000000 -0.000000
vn 100.000000 -0.000000 -0.000000
vn 100.000000 -0.000000 -0.000000
vn 100.000000 -0.000000 -0.000000
vn -0.000000 100.000000 -0.000000
vn -0.000000 100.000000 -0.000000
vn -0.000000 100.000000 -0.000000
vn -0.000000 100.000000 -0.000000
vn -100.000000 0.000000 0.000000
vn -100.000000 0.000000 0.000000
vn -100.000000 0.000000 0.000000
vn -100.000000 0.000000 0.000000
vn 0.000000 -100.000000 0.000000
vn 0.000000 -100.000000 0.000000
vn 0.000000 -100.000000 0.000000
vn 0.000000 -100.000000 0.000000
vn 0.000000 0.000000 100.000000
vn 0.000000 0.000000 100.000000
vn 0.000000 0.000000 100.000000
vn 0.000000 0.000000 100.000000
vn -0.000000 -0.000000 -100.000000
vn -0.000000 -0.000000 -100.000000
vn -0.000000 -0.000000 -100.000000
vn -0.000000 -0.000000 -100.000000
usemtl 255,255,255
f 2/1/1 3/2/2 1/3/3
f 1/3/3 3/2/2 4/4/4
f 5/5/5 6/6/6 2/7/7
f 2/7/7 6/6/6 3/8/8
f 7/9/9 8/10/10 5/11/11
f 5/11/11 8/10/10 6/12/12
f 1/13/13 4/14/14 7/15/15
f 7/15/15 4/14/14 8/16/16
f 3/17/17 6/18/18 4/19/19
f 4/19/19 6/18/18 8/20/20
f 1/21/21 7/22/22 2/23/23
f 2/23/23 7/22/22 5/24/24
g Solid1:1

v -0.143000 0.130000 -0.019000
v -0.143000 0.118000 -0.019000
v -0.143000 0.118000 0.011000
v -0.143000 0.130000 0.011000
v 0.155000 0.118000 -0.019000
v 0.155000 0.118000 0.011000
v 0.155000 0.130000 -0.019000
v 0.155000 0.130000 0.011000
vt -0.118110 -0.047244 0.000000
vt 0.000000 -0.047244 0.000000
vt -0.118110 0.000000 0.000000
vt -0.000000 0.000000 0.000000
vt 0.118110 1.173228 0.000000
vt -0.000000 1.173228 0.000000
vt 0.118110 0.000000 0.000000
vt -0.000000 0.000000 0.000000
vt 0.118110 0.000000 0.000000
vt -0.000000 0.000000 0.000000
vt 0.118110 -0.047244 0.000000
vt -0.000000 -0.047244 0.000000
vt -0.118110 0.000000 0.000000
vt -0.000000 0.000000 0.000000
vt -0.118110 1.173228 0.000000
vt -0.000000 1.173228 0.000000
vt -0.610236 0.464567 0.000000
vt 0.562992 0.464567 0.000000
vt -0.610236 0.511811 0.000000
vt 0.562992 0.511811 0.000000
vt 0.610236 0.511811 0.000000
vt -0.562992 0.511811 0.000000
vt 0.610236 0.464567 0.000000
vt -0.562992 0.464567 0.000000
vn -100.000000 -0.000000 0.000000
vn -100.000000 -0.000000 0.000000
vn -100.000000 -0.000000 0.000000
vn -100.000000 -0.000000 0.000000
vn 0.000000 -100.000000 0.000000
vn 0.000000 -100.000000 0.000000
vn 0.000000 -100.000000 0.000000
vn 0.000000 -100.000000 0.000000
vn 100.000000 0.000000 -0.000000
vn 100.000000 0.000000 -0.000000
vn 100.000000 0.000000 -0.000000
vn 100.000000 0.000000 -0.000000
vn -0.000000 100.000000 -0.000000
vn -0.000000 100.000000 -0.000000
vn -0.000000 100.000000 -0.000000
vn -0.000000 100.000000 -0.000000
vn 0.000000 0.000000 100.000000
vn 0.000000 0.000000 100.000000
vn 0.000000 0.000000 100.000000
vn 0.000000 0.000000 100.000000
vn -0.000000 -0.000000 -100.000000
vn -0.000000 -0.000000 -100.000000
vn -0.000000 -0.000000 -100.000000
vn -0.000000 -0.000000 -100.000000
f 10/25/25 11/26/26 9/27/27
f 9/27/27 11/26/26 12/28/28
f 13/29/29 14/30/30 10/31/31
f 10/31/31 14/30/30 11/32/32
f 15/33/33 16/34/34 13/35/35
f 13/35/35 16/34/34 14/36/36
f 9/37/37 12/38/38 15/39/39
f 15/39/39 12/38/38 16/40/40
f 11/41/41 14/42/42 12/43/43
f 12/43/43 14/42/42 16/44/44
f 9/45/45 15/46/46 10/47/47
f 10/47/47 15/46/46 13/48/48
g Solid1:2

v -0.155000 -0.118000 -0.019000
v -0.155000 -0.130000 -0.019000
v -0.155000 -0.130000 0.011000
v -0.155000 -0.118000 0.011000
v 0.143000 -0.130000 -0.019000
v 0.143000 -0.130000 0.011000
v 0.143000 -0.118000 -0.019000
v 0.143000 -0.118000 0.011000
vt -0.118110 -0.047244 0.000000
vt 0.000000 -0.047244 0.000000
vt -0.118110 0.000000 0.000000
vt -0.000000 0.000000 0.000000
vt 0.118110 1.173228 0.000000
vt -0.000000 1.173228 0.000000
vt 0.118110 0.000000 0.000000
vt -0.000000 0.000000 0.000000
vt 0.118110 0.000000 0.000000
vt -0.000000 0.000000 0.000000
vt 0.118110 -0.047244 0.000000
vt -0.000000 -0.047244 0.000000
vt -0.118110 0.000000 0.000000
vt -0.000000 0.000000 0.000000
vt -0.118110 1.173228 0.000000
vt -0.000000 1.173228 0.000000
vt -0.610236 0.464567 0.000000
vt 0.562992 0.464567 0.000000
vt -0.610236 0.511811 0.000000
vt 0.562992 0.511811 0.000000
vt 0.610236 0.511811 0.000000
vt -0.562992 0.511811 0.000000
vt 0.610236 0.464567 0.000000
vt -0.562992 0.464567 0.000000
vn -100.000000 0.000000 0.000000
vn -100.000000 0.000000 0.000000
vn -100.000000 0.000000 0.000000
vn -100.000000 0.000000 0.000000
vn -0.000000 -100.000000 0.000000
vn -0.000000 -100.000000 0.000000
vn -0.000000 -100.000000 0.000000
vn -0.000000 -100.000000 0.000000
vn 100.000000 -0.000000 -0.000000
vn 100.000000 -0.000000 -0.000000
vn 100.000000 -0.000000 -0.000000
vn 100.000000 -0.000000 -0.000000
vn 0.000000 100.000000 -0.000000
vn 0.000000 100.000000 -0.000000
vn 0.000000 100.000000 -0.000000
vn 0.000000 100.000000 -0.000000
vn 0.000000 0.000000 100.000000
vn 0.000000 0.000000 100.000000
vn 0.000000 0.000000 100.000000
vn 0.000000 0.000000 100.000000
vn -0.000000 -0.000000 -100.000000
vn -0.000000 -0.000000 -100.000000
vn -0.000000 -0.000000 -100.000000
vn -0.000000 -0.000000 -100.000000
f 18/49/49 19/50/50 17/51/51
f 17/51/51 19/50/50 20/52/52
f 21/53/53 22/54/54 18/55/55
f 18/55/55 22/54/54 19/56/56
f 23/57/57 24/58/58 21/59/59
f 21/59/59 24/58/58 22/60/60
f 17/61/61 20/62/62 23/63/63
f 23/63/63 20/62/62 24/64/64
f 19/65/65 22/66/66 20/67/67
f 20/67/67 22/66/66 24/68/68
f 17/69/69 23/70/70 18/71/71
f 18/71/71 23/70/70 21/72/72
g Solid1:3

v 0.143000 -0.000000 0.031000
v 0.143000 -0.002168 0.030994
v 0.143000 -0.004289 0.030975
v 0.143000 -0.006363 0.030942
v 0.143000 -0.008391 0.030895
v 0.143000 -0.010375 0.030834
v 0.143000 -0.012315 0.030758
v 0.143000 -0.014214 0.030666
v 0.143000 -0.016071 0.030558
v 0.143000 -0.017888 0.030433
v 0.143000 -0.019666 0.030291
v 0.143000 -0.021407 0.030131
v 0.143000 -0.023111 0.029953
v 0.143000 -0.024779 0.029756
v 0.143000 -0.026412 0.029540
v 0.143000 -0.028013 0.029303
v 0.143000 -0.029581 0.029047
v 0.143000 -0.031118 0.028769
v 0.143000 -0.032624 0.028469
v 0.143000 -0.034102 0.028148
v 0.143000 -0.035552 0.027805
v 0.143000 -0.036974 0.027443
v 0.143000 -0.038370 0.027061
v 0.143000 -0.039740 0.026663
v 0.143000 -0.041085 0.026248
v 0.143000 -0.042405 0.025818
v 0.143000 -0.043702 0.025374
v 0.143000 -0.046228 0.024451
v 0.143000 -0.048669 0.023489
v 0.143000 -0.051031 0.022498
v 0.143000 -0.053320 0.021487
v 0.143000 -0.055541 0.020469
v 0.143000 -0.057702 0.019451
v 0.143000 -0.059808 0.018446
v 0.143000 -0.061865 0.017462
v 0.143000 -0.063879 0.016510
v 0.143000 -0.065856 0.015601
v 0.143000 -0.067803 0.014744
v 0.143000 -0.069725 0.013950
v 0.143000 -0.071629 0.013228
v 0.143000 -0.073520 0.012590
v 0.143000 -0.075405 0.012045
v 0.143000 -0.076346 0.011810
v 0.143000 -0.077289 0.011603
v 0.143000 -0.078233 0.011424
v 0.143000 -0.079179 0.011275
v 0.143000 -0.080128 0.011156
v 0.143000 -0.081081 0.011070
v 0.143000 -0.082038 0.011018
v 0.143000 -0.083000 0.011000
v 0.155000 -0.083000 0.011000
v 0.155000 -0.082038 0.011018
v 0.155000 -0.081081 0.011070
v 0.155000 -0.080128 0.011156
v 0.155000 -0.079179 0.011275
v 0.155000 -0.078233 0.011424
v 0.155000 -0.077289 0.011603
v 0.155000 -0.076346 0.011810
v 0.155000 -0.075405 0.012045
v 0.155000 -0.073520 0.012590
v 0.155000 -0.071629 0.013228
v 0.155000 -0.069725 0.013950
v 0.155000 -0.067803 0.014744
v 0.155000 -0.065856 0.015601
v 0.155000 -0.063879 0.016510
v 0.155000 -0.061865 0.017462
v 0.155000 -0.059808 0.018446
v 0.155000 -0.057702 0.019451
v 0.155000 -0.055541 0.020469
v 0.155000 -0.053319 0.021488
v 0.155000 -0.051031 0.022498
v 0.155000 -0.048669 0.023489
v 0.155000 -0.046228 0.024451
v 0.155000 -0.043702 0.025374
v 0.155000 -0.042405 0.025818
v 0.155000 -0.041085 0.026248
v 0.155000 -0.039740 0.026663
v 0.155000 -0.038370 0.027061
v 0.155000 -0.036974 0.027443
v 0.155000 -0.035552 0.027805
v 0.155000 -0.034102 0.028148
v 0.155000 -0.032624 0.028469
v 0.155000 -0.031118 0.028769
v 0.155000 -0.029581 0.029047
v 0.155000 -0.028013 0.029303
v 0.155000 -0.026413 0.029540
v 0.155000 -0.024779 0.029756
v 0.155000 -0.023111 0.029953
v 0.155000 -0.021407 0.030131
v 0.155000 -0.019666 0.030291
v 0.155000 -0.017888 0.030433
v 0.155000 -0.016071 0.030558
v 0.155000 -0.014214 0.030666
v 0.155000 -0.012315 0.030758
v 0.155000 -0.010375 0.030834
v 0.155000 -0.008391 0.030895
v 0.155000 -0.006363 0.030942
v 0.155000 -0.004289 0.030975
v 0.155000 -0.002168 0.030994
v 0.155000 -0.000000 0.031000
v 0.143000 -0.130000 0.011000
v 0.155000 -0.130000 0.011000
v 0.143000 -0.130000 -0.019000
v 0.155000 -0.130000 -0.019000
v 0.143000 0.118000 -0.019000
v 0.155000 0.118000 -0.019000
v 0.143000 0.118000 0.011000
v 0.155000 0.118000 0.011000
v 0.143000 0.083000 0.011000
v 0.155000 0.083000 0.011000
v 0.143000 0.082038 0.011018
v 0.143000 0.081081 0.011070
v 0.143000 0.080128 0.011156
v 0.143000 0.079179 0.011275
v 0.143000 0.078233 0.011424
v 0.143000 0.077289 0.011603
v 0.143000 0.076346 0.011810
v 0.143000 0.075405 0.012045
v 0.143000 0.073520 0.012590
v 0.143000 0.071629 0.013228
v 0.143000 0.069725 0.013950
v 0.143000 0.067803 0.014744
v 0.143000 0.065856 0.015601
v 0.143000 0.063879 0.016510
v 0.143000 0.061865 0.017462
v 0.143000 0.059808 0.018446
v 0.143000 0.057702 0.019451
v 0.143000 0.055541 0.020469
v 0.143000 0.053320 0.021487
v 0.143000 0.051031 0.022498
v 0.143000 0.048669 0.023489
v 0.143000 0.046228 0.024451
v 0.143000 0.043702 0.025374
v 0.143000 0.042405 0.025818
v 0.143000 0.041085 0.026248
v 0.143000 0.039740 0.026663
v 0.143000 0.038370 0.027061
v 0.143000 0.036974 0.027443
v 0.143000 0.035552 0.027805
v 0.143000 0.034102 0.028148
v 0.143000 0.032624 0.028469
v 0.143000 0.031118 0.028769
v 0.143000 0.029581 0.029047
v 0.143000 0.028013 0.029303
v 0.143000 0.026412 0.029540
v 0.143000 0.024779 0.029756
v 0.143000 0.023111 0.029953
v 0.143000 0.021407 0.030131
v 0.143000 0.019666 0.030291
v 0.143000 0.017888 0.030433
v 0.143000 0.016071 0.030558
v 0.143000 0.014214 0.030666
v 0.143000 0.012315 0.030758
v 0.143000 0.010375 0.030834
v 0.143000 0.008391 0.030895
v 0.143000 0.006363 0.030942
v 0.143000 0.004289 0.030975
v 0.143000 0.002168 0.030994
v 0.155000 0.002168 0.030994
v 0.155000 0.004289 0.030975
v 0.155000 0.006363 0.030942
v 0.155000 0.008391 0.030895
v 0.155000 0.010375 0.030834
v 0.155000 0.012315 0.030758
v 0.155000 0.014214 0.030666
v 0.155000 0.016071 0.030558
v 0.155000 0.017888 0.030433
v 0.155000 0.019666 0.030291
v 0.155000 0.021407 0.030131
v 0.155000 0.023111 0.029953
v 0.155000 0.024779 0.029756
v 0.155000 0.026413 0.029540
v 0.155000 0.028013 0.029303
v 0.155000 0.029581 0.029047
v 0.155000 0.031118 0.028769
v 0.155000 0.032624 0.028469
v 0.155000 0.034102 0.028148
v 0.155000 0.035552 0.027805
v 0.155000 0.036974 0.027443
v 0.155000 0.038370 0.027061
v 0.155000 0.039740 0.026663
v 0.155000 0.041085 0.026248
v 0.155000 0.042405 0.025818
v 0.155000 0.043702 0.025374
v 0.155000 0.046228 0.024451
v 0.155000 0.048669 0.023489
v 0.155000 0.051031 0.022498
v 0.155000 0.053319 0.021488
v 0.155000 0.055541 0.020469
v 0.155000 0.057702 0.019451
v 0.155000 0.059808 0.018446
v 0.155000 0.061865 0.017462
v 0.155000 0.063879 0.016510
v 0.155000 0.065856 0.015601
v 0.155000 0.067803 0.014744
v 0.155000 0.069725 0.013950
v 0.155000 0.071629 0.013228
v 0.155000 0.073520 0.012590
v 0.155000 0.075405 0.012045
v 0.155000 0.076346 0.011810
v 0.155000 0.077289 0.011603
v 0.155000 0.078233 0.011424
v 0.155000 0.079179 0.011275
v 0.155000 0.080128 0.011156
v 0.155000 0.081081 0.011070
v 0.155000 0.082038 0.011018
v 0.155000 -0.048392 0.002000
v 0.155000 -0.048089 0.002460
v 0.155000 -0.047714 0.002914
v 0.155000 -0.047273 0.003363
v 0.155000 -0.046770 0.003805
v 0.155000 -0.046210 0.004242
v 0.155000 -0.045596 0.004673
v 0.155000 -0.044933 0.005097
v 0.155000 -0.044226 0.005514
v 0.155000 -0.043479 0.005924
v 0.155000 -0.042696 0.006327
v 0.155000 -0.041881 0.006722
v 0.155000 -0.041040 0.007109
v 0.155000 -0.039294 0.007860
v 0.155000 -0.037492 0.008577
v 0.155000 -0.035669 0.009259
v 0.155000 -0.033860 0.009902
v 0.155000 -0.032077 0.010508
v 0.155000 -0.030322 0.011076
v 0.155000 -0.028592 0.011609
v 0.155000 -0.026889 0.012106
v 0.155000 -0.025210 0.012568
v 0.155000 -0.023556 0.012997
v 0.155000 -0.021926 0.013393
v 0.155000 -0.020320 0.013758
v 0.155000 -0.018737 0.014091
v 0.155000 -0.017176 0.014394
v 0.155000 -0.015637 0.014668
v 0.155000 -0.014119 0.014914
v 0.155000 -0.012622 0.015132
v 0.155000 -0.011146 0.015323
v 0.155000 -0.009689 0.015489
v 0.155000 -0.008251 0.015630
v 0.155000 -0.006833 0.015747
v 0.155000 -0.005432 0.015840
v 0.155000 -0.004049 0.015911
v 0.155000 -0.002683 0.015961
v 0.155000 -0.001333 0.015990
v 0.155000 -0.000000 0.016000
v 0.155000 0.001333 0.015990
v 0.155000 0.002683 0.015961
v 0.155000 0.004049 0.015911
v 0.155000 0.005432 0.015840
v 0.155000 0.006833 0.015747
v 0.155000 0.008251 0.015630
v 0.155000 0.009689 0.015489
v 0.155000 0.011146 0.015323
v 0.155000 0.012622 0.015132
v 0.155000 0.014119 0.014914
v 0.155000 0.015637 0.014668
v 0.155000 0.017176 0.014394
v 0.155000 0.018737 0.014091
v 0.155000 0.020320 0.013758
v 0.155000 0.021926 0.013393
v 0.155000 0.023556 0.012997
v 0.155000 0.025210 0.012568
v 0.155000 0.026889 0.012106
v 0.155000 0.028592 0.011609
v 0.155000 0.030322 0.011076
v 0.155000 0.032077 0.010508
v 0.155000 0.033860 0.009902
v 0.155000 0.035669 0.009259
v 0.155000 0.037492 0.008577
v 0.155000 0.039294 0.007860
v 0.155000 0.041040 0.007109
v 0.155000 0.041881 0.006722
v 0.155000 0.042696 0.006327
v 0.155000 0.043479 0.005924
v 0.155000 0.044226 0.005514
v 0.155000 0.044933 0.005097
v 0.155000 0.045596 0.004673
v 0.155000 0.046210 0.004242
v 0.155000 0.046770 0.003805
v 0.155000 0.047273 0.003363
v 0.155000 0.047714 0.002914
v 0.155000 0.048089 0.002460
v 0.155000 0.048392 0.002000
v 0.155000 0.048740 0.001353
v 0.155000 0.049048 0.000685
v 0.155000 0.049314 -0.000000
v 0.155000 0.049444 -0.000504
v 0.155000 0.049485 -0.001023
v 0.155000 0.049436 -0.001541
v 0.155000 0.049298 -0.002043
v 0.155000 0.049076 -0.002513
v 0.155000 0.048775 -0.002938
v 0.155000 0.048406 -0.003305
v 0.155000 0.047979 -0.003602
v 0.155000 0.047507 -0.003821
v 0.155000 0.047004 -0.003955
v 0.155000 0.046485 -0.004000
v 0.155000 -0.046485 -0.004000
v 0.155000 -0.047004 -0.003955
v 0.155000 -0.047507 -0.003821
v 0.155000 -0.047979 -0.003602
v 0.155000 -0.048406 -0.003305
v 0.155000 -0.048775 -0.002938
v 0.155000 -0.049076 -0.002513
v 0.155000 -0.049298 -0.002043
v 0.155000 -0.049436 -0.001541
v 0.155000 -0.049485 -0.001023
v 0.155000 -0.049444 -0.000504
v 0.155000 -0.049314 -0.000000
v 0.155000 -0.049048 0.000685
v 0.155000 -0.048740 0.001353
v 0.143000 0.048392 0.002000
v 0.143000 0.048089 0.002460
v 0.143000 0.047714 0.002914
v 0.143000 0.047273 0.003363
v 0.143000 0.046770 0.003805
v 0.143000 0.046210 0.004242
v 0.143000 0.045596 0.004673
v 0.143000 0.044933 0.005097
v 0.143000 0.044226 0.005514
v 0.143000 0.043479 0.005924
v 0.143000 0.042696 0.006327
v 0.143000 0.041881 0.006722
v 0.143000 0.041040 0.007110
v 0.143000 0.039293 0.007860
v 0.143000 0.037491 0.008577
v 0.143000 0.035669 0.009259
v 0.143000 0.033860 0.009902
v 0.143000 0.032078 0.010508
v 0.143000 0.030323 0.011076
v 0.143000 0.028594 0.011608
v 0.143000 0.026890 0.012105
v 0.143000 0.025212 0.012568
v 0.143000 0.023558 0.012997
v 0.143000 0.021928 0.013393
v 0.143000 0.020321 0.013757
v 0.143000 0.018738 0.014091
v 0.143000 0.017177 0.014394
v 0.143000 0.015638 0.014668
v 0.143000 0.014120 0.014914
v 0.143000 0.012623 0.015132
v 0.143000 0.011146 0.015323
v 0.143000 0.009689 0.015489
v 0.143000 0.008252 0.015630
v 0.143000 0.006833 0.015747
v 0.143000 0.005432 0.015840
v 0.143000 0.004049 0.015911
v 0.143000 0.002683 0.015961
v 0.143000 0.001333 0.015990
v 0.143000 -0.000000 0.016000
v 0.143000 -0.001333 0.015990
v 0.143000 -0.002683 0.015961
v 0.143000 -0.004049 0.015911
v 0.143000 -0.005432 0.015840
v 0.143000 -0.006833 0.015747
v 0.143000 -0.008252 0.015630
v 0.143000 -0.009689 0.015489
v 0.143000 -0.011146 0.015323
v 0.143000 -0.012623 0.015132
v 0.143000 -0.014120 0.014914
v 0.143000 -0.015638 0.014668
v 0.143000 -0.017177 0.014394
v 0.143000 -0.018738 0.014091
v 0.143000 -0.020321 0.013757
v 0.143000 -0.021928 0.013393
v 0.143000 -0.023558 0.012997
v 0.143000 -0.025212 0.012568
v 0.143000 -0.026890 0.012105
v 0.143000 -0.028594 0.011608
v 0.143000 -0.030323 0.011076
v 0.143000 -0.032078 0.010508
v 0.143000 -0.033860 0.009902
v 0.143000 -0.035669 0.009259
v 0.143000 -0.037491 0.008577
v 0.143000 -0.039293 0.007860
v 0.143000 -0.041040 0.007110
v 0.143000 -0.041881 0.006722
v 0.143000 -0.042696 0.006327
v 0.143000 -0.043479 0.005924
v 0.143000 -0.044226 0.005514
v 0.143000 -0.044933 0.005097
v 0.143000 -0.045596 0.004673
v 0.143000 -0.046210 0.004242
v 0.143000 -0.046770 0.003805
v 0.143000 -0.047273 0.003363
v 0.143000 -0.047714 0.002914
v 0.143000 -0.048089 0.002460
v 0.143000 -0.048392 0.002000
v 0.143000 -0.048740 0.001353
v 0.143000 -0.049048 0.000685
v 0.143000 -0.049314 -0.000000
v 0.143000 -0.049444 -0.000504
v 0.143000 -0.049485 -0.001023
v 0.143000 -0.049436 -0.001541
v 0.143000 -0.049298 -0.002043
v 0.143000 -0.049076 -0.002513
v 0.143000 -0.048775 -0.002938
v 0.143000 -0.048406 -0.003305
v 0.143000 -0.047979 -0.003602
v 0.143000 -0.047507 -0.003821
v 0.143000 -0.047004 -0.003955
v 0.143000 -0.046485 -0.004000
v 0.143000 0.046485 -0.004000
v 0.143000 0.047004 -0.003955
v 0.143000 0.047507 -0.003821
v 0.143000 0.047979 -0.003602
v 0.143000 0.048406 -0.003305
v 0.143000 0.048775 -0.002938
v 0.143000 0.049076 -0.002513
v 0.143000 0.049298 -0.002043
v 0.143000 0.049436 -0.001541
v 0.143000 0.049485 -0.001023
v 0.143000 0.049444 -0.000504
v 0.143000 0.049314 -0.000000
v 0.143000 0.049048 0.000685
v 0.143000 0.048740 0.001353
vt 0.318902 0.047244 0.000000
vt 0.313919 0.047244 0.000000
vt 0.318902 0.000000 0.000000
vt 0.313919 0.000000 0.000000
vt 0.308936 0.047244 0.000000
vt 0.308936 0.000000 0.000000
vt 0.303953 0.047244 0.000000
vt 0.303953 0.000000 0.000000
vt 0.298970 0.047244 0.000000
vt 0.298970 0.000000 0.000000
vt 0.293987 0.047244 0.000000
vt 0.293987 0.000000 0.000000
vt 0.289005 0.047244 0.000000
vt 0.289004 0.000000 0.000000
vt 0.284022 0.047244 0.000000
vt 0.284022 0.000000 0.000000
vt 0.279039 0.047244 0.000000
vt 0.279039 0.000000 0.000000
vt 0.274056 0.047244 0.000000
vt 0.274056 0.000000 0.000000
vt 0.269073 0.047244 0.000000
vt 0.269073 0.000000 0.000000
vt 0.264090 0.047244 0.000000
vt 0.264090 0.000000 0.000000
vt 0.259108 0.047244 0.000000
vt 0.259107 0.000000 0.000000
vt 0.254125 0.047244 0.000000
vt 0.254124 0.000000 0.000000
vt 0.249142 0.047244 0.000000
vt 0.249142 0.000000 0.000000
vt 0.244159 0.047244 0.000000
vt 0.244159 0.000000 0.000000
vt 0.239176 0.047244 0.000000
vt 0.239176 0.000000 0.000000
vt 0.234193 0.047244 0.000000
vt 0.234193 0.000000 0.000000
vt 0.229211 0.047244 0.000000
vt 0.229211 0.000000 0.000000
vt 0.224228 0.000000 0.000000
vt 0.224228 0.047244 0.000000
vt 0.219245 0.000000 0.000000
vt 0.219245 0.047244 0.000000
vt 0.214262 0.000000 0.000000
vt 0.214262 0.047244 0.000000
vt 0.209280 0.000000 0.000000
vt 0.209279 0.047244 0.000000
vt 0.204297 0.000000 0.000000
vt 0.204296 0.047244 0.000000
vt 0.199314 0.000000 0.000000
vt 0.199314 0.047244 0.000000
vt 0.194331 0.000000 0.000000
vt 0.194331 0.047244 0.000000
vt 0.189349 0.000000 0.000000
vt 0.189348 0.047244 0.000000
vt 0.179383 0.000000 0.000000
vt 0.179382 0.047244 0.000000
vt 0.169417 0.000000 0.000000
vt 0.169416 0.047244 0.000000
vt 0.159452 0.000000 0.000000
vt 0.159451 0.047244 0.000000
vt 0.149486 0.000000 0.000000
vt 0.149485 0.047244 0.000000
vt 0.139520 0.000000 0.000000
vt 0.139519 0.047244 0.000000
vt 0.129555 0.000000 0.000000
vt 0.129554 0.047244 0.000000
vt 0.119589 0.000000 0.000000
vt 0.119588 0.047244 0.000000
vt 0.109623 0.000000 0.000000
vt 0.109622 0.047244 0.000000
vt 0.099657 0.000000 0.000000
vt 0.099657 0.047244 0.000000
vt 0.089692 0.000000 0.000000
vt 0.089691 0.047244 0.000000
vt 0.079726 0.000000 0.000000
vt 0.079725 0.047244 0.000000
vt 0.069760 0.000000 0.000000
vt 0.069760 0.047244 0.000000
vt 0.059794 0.000000 0.000000
vt 0.059794 0.047244 0.000000
vt 0.049829 0.000000 0.000000
vt 0.049828 0.047244 0.000000
vt 0.039863 0.000000 0.000000
vt 0.039863 0.047244 0.000000
vt 0.034880 0.000000 0.000000
vt 0.034880 0.047244 0.000000
vt 0.029897 0.000000 0.000000
vt 0.029897 0.047244 0.000000
vt 0.024914 0.000000 0.000000
vt 0.024914 0.047244 0.000000
vt 0.019931 0.000000 0.000000
vt 0.019931 0.047244 0.000000
vt 0.014949 0.000000 0.000000
vt 0.014949 0.047244 0.000000
vt 0.009966 0.000000 0.000000
vt 0.009966 0.047244 0.000000
vt 0.004983 0.000000 0.000000
vt 0.004983 0.047244 0.000000
vt 0.000000 0.000000 0.000000
vt 0.000000 0.047244 0.000000
vt -0.047244 -0.185039 0.000000
vt -0.000000 -0.185039 0.000000
vt -0.047244 0.000000 0.000000
vt 0.000000 0.000000 0.000000
vt -0.047244 -0.118110 0.000000
vt 0.000000 -0.118110 0.000000
vt -0.047244 0.000000 0.000000
vt 0.000000 0.000000 0.000000
vt 0.047244 0.000000 0.000000
vt 0.000000 0.000000 0.000000
vt 0.047244 -0.976378 0.000000
vt 0.000000 -0.976378 0.000000
vt 0.047244 0.000000 0.000000
vt 0.000000 0.000000 0.000000
vt 0.047244 -0.118110 0.000000
vt 0.000000 -0.118110 0.000000
vt -0.047244 -0.137795 0.000000
vt -0.000000 -0.137795 0.000000
vt -0.047244 0.000000 0.000000
vt 0.000000 0.000000 0.000000
vt 0.318878 0.047244 0.000000
vt 0.313895 0.047244 0.000000
vt 0.318878 0.000000 0.000000
vt 0.313895 0.000000 0.000000
vt 0.308913 0.047244 0.000000
vt 0.308913 0.000000 0.000000
vt 0.303930 0.047244 0.000000
vt 0.303930 0.000000 0.000000
vt 0.298948 0.047244 0.000000
vt 0.298948 0.000000 0.000000
vt 0.293965 0.047244 0.000000
vt 0.293965 0.000000 0.000000
vt 0.288983 0.047244 0.000000
vt 0.288983 0.000000 0.000000
vt 0.284000 0.047244 0.000000
vt 0.284000 0.000000 0.000000
vt 0.279018 0.047244 0.000000
vt 0.279018 0.000000 0.000000
vt 0.269053 0.047244 0.000000
vt 0.269053 0.000000 0.000000
vt 0.259088 0.047244 0.000000
vt 0.259088 0.000000 0.000000
vt 0.249123 0.047244 0.000000
vt 0.249123 0.000000 0.000000
vt 0.239158 0.047244 0.000000
vt 0.239158 0.000000 0.000000
vt 0.229193 0.047244 0.000000
vt 0.229193 0.000000 0.000000
vt 0.219228 0.047244 0.000000
vt 0.219228 0.000000 0.000000
vt 0.209263 0.047244 0.000000
vt 0.209263 0.000000 0.000000
vt 0.199298 0.047244 0.000000
vt 0.199298 0.000000 0.000000
vt 0.189334 0.047244 0.000000
vt 0.189333 0.000000 0.000000
vt 0.179369 0.047244 0.000000
vt 0.179368 0.000000 0.000000
vt 0.169404 0.047244 0.000000
vt 0.169403 0.000000 0.000000
vt 0.159439 0.047244 0.000000
vt 0.159438 0.000000 0.000000
vt 0.149474 0.047244 0.000000
vt 0.149473 0.000000 0.000000
vt 0.139509 0.047244 0.000000
vt 0.139508 0.000000 0.000000
vt 0.129544 0.047244 0.000000
vt 0.129543 0.000000 0.000000
vt 0.124562 0.047244 0.000000
vt 0.124561 0.000000 0.000000
vt 0.119579 0.047244 0.000000
vt 0.119578 0.000000 0.000000
vt 0.114597 0.047244 0.000000
vt 0.114596 0.000000 0.000000
vt 0.109614 0.047244 0.000000
vt 0.109614 0.000000 0.000000
vt 0.104632 0.047244 0.000000
vt 0.104631 0.000000 0.000000
vt 0.099649 0.047244 0.000000
vt 0.099649 0.000000 0.000000
vt 0.094667 0.047244 0.000000
vt 0.094667 0.000000 0.000000
vt 0.089684 0.047244 0.000000
vt 0.089684 0.000000 0.000000
vt 0.084702 0.000000 0.000000
vt 0.084702 0.047244 0.000000
vt 0.079720 0.000000 0.000000
vt 0.079719 0.047244 0.000000
vt 0.074737 0.000000 0.000000
vt 0.074737 0.047244 0.000000
vt 0.069755 0.000000 0.000000
vt 0.069754 0.047244 0.000000
vt 0.064772 0.000000 0.000000
vt 0.064772 0.047244 0.000000
vt 0.059790 0.000000 0.000000
vt 0.059790 0.047244 0.000000
vt 0.054807 0.000000 0.000000
vt 0.054807 0.047244 0.000000
vt 0.049825 0.000000 0.000000
vt 0.049825 0.047244 0.000000
vt 0.044842 0.000000 0.000000
vt 0.044842 0.047244 0.000000
vt 0.039860 0.000000 0.000000
vt 0.039860 0.047244 0.000000
vt 0.034877 0.000000 0.000000
vt 0.034877 0.047244 0.000000
vt 0.029895 0.000000 0.000000
vt 0.029895 0.047244 0.000000
vt 0.024912 0.000000 0.000000
vt 0.024912 0.047244 0.000000
vt 0.019930 0.000000 0.000000
vt 0.019930 0.047244 0.000000
vt 0.014947 0.000000 0.000000
vt 0.014947 0.047244 0.000000
vt 0.009965 0.000000 0.000000
vt 0.009965 0.047244 0.000000
vt 0.004982 0.000000 0.000000
vt 0.004982 0.047244 0.000000
vt 0.000000 0.000000 0.000000
vt 0.000000 0.047244 0.000000
vt -0.033449 0.209446 0.000000
vt -0.033474 0.200909 0.000000
vt 0.025581 0.200909 0.000000
vt -0.033449 0.192373 0.000000
vt -0.033374 0.184024 0.000000
vt 0.025619 0.195660 0.000000
vt -0.033245 0.175860 0.000000
vt -0.033062 0.167874 0.000000
vt -0.032821 0.160063 0.000000
vt -0.032520 0.152423 0.000000
vt -0.032159 0.144950 0.000000
vt -0.031733 0.137638 0.000000
vt -0.031242 0.130484 0.000000
vt -0.030683 0.123482 0.000000
vt -0.030054 0.116630 0.000000
vt -0.029353 0.109922 0.000000
vt -0.028577 0.103355 0.000000
vt -0.027725 0.096923 0.000000
vt 0.025734 0.190347 0.000000
vt 0.025930 0.184969 0.000000
vt 0.026211 0.179524 0.000000
vt 0.026579 0.174010 0.000000
vt 0.027038 0.168424 0.000000
vt 0.027593 0.162764 0.000000
vt 0.028245 0.157029 0.000000
vt 0.028999 0.151216 0.000000
vt 0.029857 0.145323 0.000000
vt 0.030824 0.139348 0.000000
vt 0.031903 0.133289 0.000000
vt 0.033097 0.127143 0.000000
vt 0.034409 0.120910 0.000000
vt 0.035843 0.114585 0.000000
vt 0.037403 0.108168 0.000000
vt 0.039092 0.101657 0.000000
vt -0.026795 0.090623 0.000000
vt 0.040913 0.095048 0.000000
vt 0.042869 0.088341 0.000000
vt -0.025784 0.084449 0.000000
vt 0.044965 0.081532 0.000000
vt -0.024690 0.078399 0.000000
vt 0.047204 0.074620 0.000000
vt -0.023511 0.072467 0.000000
vt 0.049588 0.067603 0.000000
vt -0.022246 0.066649 0.000000
vt 0.052122 0.060480 0.000000
vt -0.020897 0.060941 0.000000
vt -0.019470 0.055342 0.000000
vt 0.054804 0.053305 0.000000
vt -0.017968 0.049847 0.000000
vt 0.057627 0.046210 0.000000
vt -0.016398 0.044454 0.000000
vt 0.060583 0.039335 0.000000
vt -0.014764 0.039159 0.000000
vt 0.062109 0.036022 0.000000
vt -0.013071 0.033960 0.000000
vt 0.063665 0.032816 0.000000
vt -0.011325 0.028854 0.000000
vt 0.065251 0.029733 0.000000
vt 0.066866 0.026791 0.000000
vt -0.007691 0.018909 0.000000
vt 0.068508 0.024006 0.000000
vt 0.070177 0.021397 0.000000
vt 0.071872 0.018981 0.000000
vt 0.073591 0.016774 0.000000
vt -0.003903 0.009299 0.000000
vt 0.075335 0.014794 0.000000
vt 0.077101 0.013059 0.000000
vt 0.078890 0.011584 0.000000
vt 0.080699 0.010389 0.000000
vt 0.083248 0.009019 0.000000
vt -0.000000 0.000001 0.000000
vt 0.085876 0.007809 0.000000
vt 0.088573 0.006761 0.000000
vt 0.090557 0.006248 0.000000
vt 0.092599 0.006086 0.000000
vt 0.003977 -0.009010 0.000000
vt 0.007988 -0.017757 0.000000
vt 0.011993 -0.026263 0.000000
vt 0.015952 -0.034554 0.000000
vt 0.019825 -0.042652 0.000000
vt 0.023572 -0.050582 0.000000
vt 0.027152 -0.058367 0.000000
vt 0.030526 -0.066032 0.000000
vt 0.033653 -0.073600 0.000000
vt 0.036493 -0.081094 0.000000
vt 0.039007 -0.088539 0.000000
vt 0.041153 -0.095959 0.000000
vt 0.042076 -0.099667 0.000000
vt 0.042892 -0.103378 0.000000
vt 0.043597 -0.107094 0.000000
vt 0.044184 -0.110818 0.000000
vt 0.044650 -0.114555 0.000000
vt 0.044989 -0.118305 0.000000
vt 0.045196 -0.122074 0.000000
vt 0.045266 -0.125862 0.000000
vt 0.045266 -0.310902 0.000000
vt 0.094639 0.006279 0.000000
vt 0.096615 0.006822 0.000000
vt 0.098467 0.007698 0.000000
vt 0.163376 -0.310902 0.000000
vt 0.100140 0.008881 0.000000
vt 0.101583 0.010335 0.000000
vt 0.102754 0.012017 0.000000
vt 0.103616 0.013876 0.000000
vt 0.104143 0.015855 0.000000
vt 0.104321 0.017896 0.000000
vt 0.163376 0.665476 0.000000
vt 0.104321 0.383922 0.000000
vt 0.104143 0.385964 0.000000
vt 0.103616 0.387943 0.000000
vt 0.102754 0.389802 0.000000
vt 0.101583 0.391484 0.000000
vt 0.100140 0.392938 0.000000
vt 0.098467 0.394121 0.000000
vt 0.045266 0.665476 0.000000
vt 0.096615 0.394997 0.000000
vt 0.094639 0.395540 0.000000
vt 0.092599 0.395733 0.000000
vt 0.045266 0.527681 0.000000
vt 0.045196 0.523892 0.000000
vt 0.044989 0.520124 0.000000
vt 0.044650 0.516373 0.000000
vt 0.044184 0.512637 0.000000
vt 0.043597 0.508913 0.000000
vt 0.042892 0.505196 0.000000
vt 0.042076 0.501486 0.000000
vt 0.041153 0.497778 0.000000
vt 0.039007 0.490358 0.000000
vt 0.036493 0.482913 0.000000
vt 0.033653 0.475418 0.000000
vt 0.030526 0.467851 0.000000
vt 0.027152 0.460186 0.000000
vt 0.023572 0.452401 0.000000
vt 0.019825 0.444471 0.000000
vt 0.015952 0.436373 0.000000
vt 0.011993 0.428082 0.000000
vt 0.007988 0.419575 0.000000
vt 0.003977 0.410829 0.000000
vt -0.000000 0.401818 0.000000
vt 0.090557 0.395571 0.000000
vt 0.088573 0.395058 0.000000
vt 0.085876 0.394010 0.000000
vt 0.083248 0.392800 0.000000
vt 0.080699 0.391430 0.000000
vt 0.078890 0.390235 0.000000
vt 0.077101 0.388760 0.000000
vt 0.075335 0.387025 0.000000
vt 0.073591 0.385045 0.000000
vt 0.071872 0.382838 0.000000
vt 0.070177 0.380421 0.000000
vt 0.068508 0.377812 0.000000
vt 0.066866 0.375028 0.000000
vt 0.065251 0.372086 0.000000
vt 0.063665 0.369003 0.000000
vt 0.062109 0.365796 0.000000
vt 0.060583 0.362484 0.000000
vt 0.057627 0.355609 0.000000
vt 0.054804 0.348514 0.000000
vt 0.052122 0.341339 0.000000
vt 0.049588 0.334216 0.000000
vt 0.047204 0.327198 0.000000
vt 0.044965 0.320287 0.000000
vt 0.042869 0.313478 0.000000
vt 0.040913 0.306771 0.000000
vt 0.039092 0.300162 0.000000
vt 0.037403 0.293650 0.000000
vt 0.035843 0.287233 0.000000
vt 0.034409 0.280909 0.000000
vt 0.033097 0.274675 0.000000
vt 0.031903 0.268530 0.000000
vt 0.030824 0.262471 0.000000
vt 0.029857 0.256496 0.000000
vt 0.028999 0.250603 0.000000
vt 0.028245 0.244790 0.000000
vt 0.027593 0.239055 0.000000
vt -0.003903 0.392520 0.000000
vt 0.027038 0.233395 0.000000
vt -0.007691 0.382910 0.000000
vt 0.026579 0.227809 0.000000
vt -0.011325 0.372964 0.000000
vt 0.026211 0.222295 0.000000
vt -0.013071 0.367858 0.000000
vt -0.014764 0.362660 0.000000
vt 0.025930 0.216849 0.000000
vt -0.016398 0.357365 0.000000
vt -0.017968 0.351972 0.000000
vt 0.025734 0.211472 0.000000
vt -0.019470 0.346477 0.000000
vt -0.020897 0.340877 0.000000
vt -0.022246 0.335170 0.000000
vt -0.023511 0.329352 0.000000
vt -0.024690 0.323420 0.000000
vt 0.025619 0.206159 0.000000
vt -0.025784 0.317369 0.000000
vt -0.026795 0.311196 0.000000
vt -0.027725 0.304896 0.000000
vt -0.028577 0.298464 0.000000
vt -0.029353 0.291896 0.000000
vt -0.030054 0.285189 0.000000
vt -0.030683 0.278336 0.000000
vt -0.031242 0.271335 0.000000
vt -0.031733 0.264181 0.000000
vt -0.032159 0.256869 0.000000
vt -0.032520 0.249395 0.000000
vt -0.032821 0.241755 0.000000
vt -0.033062 0.233945 0.000000
vt -0.033245 0.225959 0.000000
vt -0.033374 0.217794 0.000000
vt -0.045266 -0.310902 0.000000
vt -0.045266 -0.125862 0.000000
vt -0.163376 -0.310902 0.000000
vt -0.045196 -0.122074 0.000000
vt -0.044989 -0.118305 0.000000
vt -0.044650 -0.114555 0.000000
vt -0.044184 -0.110818 0.000000
vt -0.043597 -0.107094 0.000000
vt -0.042892 -0.103378 0.000000
vt -0.042076 -0.099667 0.000000
vt -0.041153 -0.095959 0.000000
vt -0.039007 -0.088539 0.000000
vt -0.036493 -0.081094 0.000000
vt -0.033653 -0.073600 0.000000
vt -0.030526 -0.066032 0.000000
vt -0.027152 -0.058368 0.000000
vt -0.023572 -0.050583 0.000000
vt -0.019825 -0.042653 0.000000
vt -0.015952 -0.034555 0.000000
vt -0.011993 -0.026264 0.000000
vt -0.007988 -0.017757 0.000000
vt -0.003977 -0.009011 0.000000
vt 0.000000 -0.000000 0.000000
vt 0.003903 0.009298 0.000000
vt -0.083248 0.009019 0.000000
vt -0.085876 0.007809 0.000000
vt -0.088573 0.006761 0.000000
vt 0.007691 0.018908 0.000000
vt -0.073591 0.016774 0.000000
vt -0.075335 0.014794 0.000000
vt -0.077101 0.013059 0.000000
vt 0.011324 0.028854 0.000000
vt -0.066865 0.026791 0.000000
vt -0.068508 0.024007 0.000000
vt -0.070177 0.021398 0.000000
vt 0.013071 0.033960 0.000000
vt -0.063665 0.032817 0.000000
vt -0.065251 0.029734 0.000000
vt -0.062109 0.036023 0.000000
vt 0.014764 0.039158 0.000000
vt -0.060583 0.039336 0.000000
vt -0.057627 0.046211 0.000000
vt -0.054804 0.053305 0.000000
vt -0.052122 0.060479 0.000000
vt -0.049589 0.067601 0.000000
vt -0.047205 0.074617 0.000000
vt -0.044966 0.081528 0.000000
vt -0.042871 0.088336 0.000000
vt -0.040914 0.095043 0.000000
vt -0.039093 0.101651 0.000000
vt -0.037404 0.108163 0.000000
vt -0.035845 0.114580 0.000000
vt -0.034410 0.120905 0.000000
vt -0.033098 0.127139 0.000000
vt -0.031904 0.133284 0.000000
vt -0.030825 0.139344 0.000000
vt -0.029858 0.145320 0.000000
vt 0.016398 0.044453 0.000000
vt -0.028999 0.151213 0.000000
vt -0.028245 0.157027 0.000000
vt -0.027593 0.162762 0.000000
vt -0.027039 0.168422 0.000000
vt -0.026579 0.174009 0.000000
vt -0.026211 0.179523 0.000000
vt -0.025930 0.184969 0.000000
vt 0.017968 0.049846 0.000000
vt -0.025734 0.190347 0.000000
vt 0.019469 0.055341 0.000000
vt 0.020897 0.060941 0.000000
vt 0.022246 0.066648 0.000000
vt 0.023511 0.072467 0.000000
vt 0.024690 0.078399 0.000000
vt -0.025619 0.195660 0.000000
vt 0.025784 0.084450 0.000000
vt 0.026795 0.090623 0.000000
vt 0.027725 0.096923 0.000000
vt 0.028577 0.103355 0.000000
vt 0.029353 0.109923 0.000000
vt 0.030054 0.116631 0.000000
vt 0.030683 0.123483 0.000000
vt 0.031242 0.130484 0.000000
vt 0.031733 0.137638 0.000000
vt 0.032159 0.144950 0.000000
vt 0.032520 0.152424 0.000000
vt 0.032821 0.160064 0.000000
vt 0.033062 0.167874 0.000000
vt 0.033245 0.175860 0.000000
vt 0.033374 0.184024 0.000000
vt -0.025581 0.200909 0.000000
vt 0.033449 0.192373 0.000000
vt 0.033474 0.200909 0.000000
vt 0.033449 0.209446 0.000000
vt 0.033374 0.217794 0.000000
vt -0.025619 0.206159 0.000000
vt 0.033245 0.225959 0.000000
vt 0.033062 0.233945 0.000000
vt 0.032821 0.241755 0.000000
vt 0.032520 0.249395 0.000000
vt 0.032159 0.256869 0.000000
vt 0.031733 0.264181 0.000000
vt 0.031242 0.271335 0.000000
vt 0.030683 0.278336 0.000000
vt 0.030054 0.285188 0.000000
vt 0.029353 0.291896 0.000000
vt 0.028577 0.298464 0.000000
vt 0.027725 0.304895 0.000000
vt 0.026795 0.311196 0.000000
vt 0.025784 0.317369 0.000000
vt 0.024690 0.323420 0.000000
vt -0.025734 0.211472 0.000000
vt 0.023511 0.329352 0.000000
vt 0.022246 0.335170 0.000000
vt 0.020897 0.340878 0.000000
vt 0.019469 0.346477 0.000000
vt 0.017968 0.351973 0.000000
vt -0.025930 0.216850 0.000000
vt 0.016398 0.357366 0.000000
vt 0.014764 0.362660 0.000000
vt -0.026211 0.222295 0.000000
vt 0.013071 0.367859 0.000000
vt 0.011324 0.372965 0.000000
vt -0.026579 0.227810 0.000000
vt 0.007691 0.382910 0.000000
vt -0.027039 0.233397 0.000000
vt 0.003903 0.392520 0.000000
vt -0.027593 0.239057 0.000000
vt 0.000000 0.401819 0.000000
vt -0.028245 0.244792 0.000000
vt -0.028999 0.250606 0.000000
vt -0.029858 0.256499 0.000000
vt -0.030825 0.262475 0.000000
vt -0.031904 0.268534 0.000000
vt -0.033098 0.274680 0.000000
vt -0.034410 0.280914 0.000000
vt -0.035845 0.287239 0.000000
vt -0.037404 0.293656 0.000000
vt -0.039093 0.300167 0.000000
vt -0.040914 0.306776 0.000000
vt -0.042871 0.313483 0.000000
vt -0.044966 0.320291 0.000000
vt -0.047205 0.327202 0.000000
vt -0.049589 0.334218 0.000000
vt -0.052122 0.341340 0.000000
vt -0.054804 0.348514 0.000000
vt -0.057627 0.355608 0.000000
vt -0.060583 0.362483 0.000000
vt -0.062109 0.365795 0.000000
vt -0.063665 0.369002 0.000000
vt -0.065251 0.372085 0.000000
vt -0.066865 0.375027 0.000000
vt -0.068508 0.377812 0.000000
vt -0.070177 0.380421 0.000000
vt -0.071872 0.382838 0.000000
vt -0.073591 0.385044 0.000000
vt -0.075335 0.387024 0.000000
vt -0.077101 0.388760 0.000000
vt -0.078890 0.390235 0.000000
vt -0.080699 0.391430 0.000000
vt -0.083248 0.392800 0.000000
vt -0.085876 0.394010 0.000000
vt -0.088573 0.395058 0.000000
vt -0.090557 0.395571 0.000000
vt -0.092599 0.395733 0.000000
vt -0.003977 0.410829 0.000000
vt -0.094639 0.395540 0.000000
vt -0.007988 0.419576 0.000000
vt -0.096615 0.394997 0.000000
vt -0.011993 0.428083 0.000000
vt -0.015952 0.436374 0.000000
vt -0.098467 0.394121 0.000000
vt -0.019825 0.444472 0.000000
vt -0.023572 0.452402 0.000000
vt -0.100140 0.392938 0.000000
vt -0.027152 0.460187 0.000000
vt -0.030526 0.467851 0.000000
vt -0.101583 0.391484 0.000000
vt -0.033653 0.475419 0.000000
vt -0.036493 0.482913 0.000000
vt -0.039007 0.490358 0.000000
vt -0.102754 0.389802 0.000000
vt -0.041153 0.497778 0.000000
vt -0.042076 0.501486 0.000000
vt -0.042892 0.505196 0.000000
vt -0.043597 0.508913 0.000000
vt -0.044184 0.512637 0.000000
vt -0.044650 0.516373 0.000000
vt -0.103616 0.387943 0.000000
vt -0.044989 0.520124 0.000000
vt -0.045196 0.523892 0.000000
vt -0.045266 0.527681 0.000000
vt -0.163376 0.665476 0.000000
vt -0.104143 0.385964 0.000000
vt -0.104321 0.383922 0.000000
vt -0.104321 0.017896 0.000000
vt -0.104143 0.015855 0.000000
vt -0.103616 0.013876 0.000000
vt -0.102754 0.012017 0.000000
vt -0.101583 0.010335 0.000000
vt -0.100140 0.008881 0.000000
vt -0.098467 0.007698 0.000000
vt -0.096615 0.006822 0.000000
vt -0.094639 0.006279 0.000000
vt -0.092599 0.006086 0.000000
vt -0.090557 0.006248 0.000000
vt -0.045266 0.665476 0.000000
vt -0.071872 0.018981 0.000000
vt -0.078890 0.011584 0.000000
vt -0.080699 0.010389 0.000000
vt -0.000000 0.000000 0.000000
vt -0.000000 0.047244 0.000000
vt -0.006665 0.000000 0.000000
vt -0.006665 0.047244 0.000000
vt -0.013330 0.000000 0.000000
vt -0.013330 0.047244 0.000000
vt -0.019994 0.000000 0.000000
vt -0.019995 0.047244 0.000000
vt -0.026659 0.000000 0.000000
vt -0.026660 0.047244 0.000000
vt -0.033324 0.000000 0.000000
vt -0.033325 0.047244 0.000000
vt -0.039988 0.000000 0.000000
vt -0.039990 0.047244 0.000000
vt -0.046653 0.000000 0.000000
vt -0.046655 0.047244 0.000000
vt -0.053317 0.000000 0.000000
vt -0.053320 0.047244 0.000000
vt -0.059981 0.000000 0.000000
vt -0.059985 0.047244 0.000000
vt -0.066646 0.000000 0.000000
vt -0.066650 0.047244 0.000000
vt -0.073311 0.000000 0.000000
vt -0.073315 0.047244 0.000000
vt -0.079975 0.000000 0.000000
vt -0.079980 0.047244 0.000000
vt -0.086640 0.000000 0.000000
vt -0.086645 0.047244 0.000000
vt -0.093305 0.000000 0.000000
vt -0.093310 0.047244 0.000000
vt -0.099969 0.000000 0.000000
vt -0.099975 0.047244 0.000000
vt -0.106634 0.000000 0.000000
vt -0.106640 0.047244 0.000000
vt -0.113299 0.000000 0.000000
vt -0.113305 0.047244 0.000000
vt -0.119965 0.000000 0.000000
vt -0.119970 0.047244 0.000000
vt -0.126630 0.000000 0.000000
vt -0.126635 0.047244 0.000000
vt -0.133296 0.000000 0.000000
vt -0.133300 0.047244 0.000000
vt -0.139962 0.000000 0.000000
vt -0.139965 0.047244 0.000000
vt -0.146628 0.000000 0.000000
vt -0.146630 0.047244 0.000000
vt -0.153294 0.000000 0.000000
vt -0.153295 0.047244 0.000000
vt -0.159960 0.000000 0.000000
vt -0.159960 0.047244 0.000000
vt -0.166625 0.047244 0.000000
vt -0.166626 0.000000 0.000000
vt -0.173290 0.047244 0.000000
vt -0.173291 0.000000 0.000000
vt -0.176622 0.047244 0.000000
vt -0.176623 0.000000 0.000000
vt -0.179955 0.047244 0.000000
vt -0.179956 0.000000 0.000000
vt -0.183287 0.047244 0.000000
vt -0.183288 0.000000 0.000000
vt -0.186620 0.047244 0.000000
vt -0.186621 0.000000 0.000000
vt -0.189952 0.047244 0.000000
vt -0.189953 0.000000 0.000000
vt -0.193285 0.047244 0.000000
vt -0.193285 0.000000 0.000000
vt -0.196617 0.047244 0.000000
vt -0.196618 0.000000 0.000000
vt -0.199950 0.047244 0.000000
vt -0.199950 0.000000 0.000000
vt -0.203282 0.047244 0.000000
vt -0.203282 0.000000 0.000000
vt -0.206615 0.047244 0.000000
vt -0.206615 0.000000 0.000000
vt -0.209947 0.047244 0.000000
vt -0.209947 0.000000 0.000000
vt -0.213280 0.047244 0.000000
vt -0.213280 0.000000 0.000000
vt -0.000000 0.000000 0.000000
vt -0.000000 0.047244 0.000000
vt -0.003332 0.000000 0.000000
vt -0.003332 0.047244 0.000000
vt -0.006664 0.000000 0.000000
vt -0.006665 0.047244 0.000000
vt -0.009997 0.000000 0.000000
vt -0.009997 0.047244 0.000000
vt -0.013329 0.000000 0.000000
vt -0.013329 0.047244 0.000000
vt -0.016661 0.000000 0.000000
vt -0.016661 0.047244 0.000000
vt -0.019993 0.000000 0.000000
vt -0.019994 0.047244 0.000000
vt -0.023325 0.000000 0.000000
vt -0.023326 0.047244 0.000000
vt -0.026657 0.000000 0.000000
vt -0.026658 0.047244 0.000000
vt -0.029990 0.000000 0.000000
vt -0.029991 0.047244 0.000000
vt -0.033322 0.000000 0.000000
vt -0.033323 0.047244 0.000000
vt -0.036654 0.000000 0.000000
vt -0.036655 0.047244 0.000000
vt -0.039986 0.000000 0.000000
vt -0.039988 0.047244 0.000000
vt -0.046651 0.000000 0.000000
vt -0.046652 0.047244 0.000000
vt -0.053316 0.000000 0.000000
vt -0.053317 0.047244 0.000000
vt -0.059981 0.047244 0.000000
vt -0.059982 0.000000 0.000000
vt -0.066646 0.047244 0.000000
vt -0.066648 0.000000 0.000000
vt -0.073311 0.047244 0.000000
vt -0.073314 0.000000 0.000000
vt -0.079975 0.047244 0.000000
vt -0.079979 0.000000 0.000000
vt -0.086640 0.047244 0.000000
vt -0.086644 0.000000 0.000000
vt -0.093304 0.047244 0.000000
vt -0.093309 0.000000 0.000000
vt -0.099969 0.047244 0.000000
vt -0.099974 0.000000 0.000000
vt -0.106634 0.047244 0.000000
vt -0.106639 0.000000 0.000000
vt -0.113298 0.047244 0.000000
vt -0.113304 0.000000 0.000000
vt -0.119963 0.047244 0.000000
vt -0.119968 0.000000 0.000000
vt -0.126627 0.047244 0.000000
vt -0.126632 0.000000 0.000000
vt -0.133292 0.047244 0.000000
vt -0.133297 0.000000 0.000000
vt -0.139957 0.047244 0.000000
vt -0.139961 0.000000 0.000000
vt -0.146621 0.047244 0.000000
vt -0.146625 0.000000 0.000000
vt -0.153286 0.047244 0.000000
vt -0.153289 0.000000 0.000000
vt -0.159950 0.047244 0.000000
vt -0.159953 0.000000 0.000000
vt -0.166615 0.047244 0.000000
vt -0.166617 0.000000 0.000000
vt -0.173279 0.047244 0.000000
vt -0.173281 0.000000 0.000000
vt -0.179944 0.047244 0.000000
vt -0.179945 0.000000 0.000000
vt -0.186609 0.047244 0.000000
vt -0.186610 0.000000 0.000000
vt -0.193273 0.047244 0.000000
vt -0.193274 0.000000 0.000000
vt -0.199938 0.047244 0.000000
vt -0.199938 0.000000 0.000000
vt -0.206602 0.047244 0.000000
vt -0.206603 0.000000 0.000000
vt -0.213267 0.047244 0.000000
vt -0.213267 0.000000 0.000000
vt 0.047244 -0.049474 0.000000
vt 0.000000 -0.049474 0.000000
vt 0.047244 -0.052368 0.000000
vt 0.000000 -0.052368 0.000000
vt 0.000000 -0.055262 0.000000
vt 0.000000 -0.058156 0.000000
vt 0.047244 -0.058156 0.000000
vt 0.047244 -0.055262 0.000000
vt -0.047244 -0.379863 0.000000
vt -0.000000 -0.379863 0.000000
vt -0.047244 -0.013837 0.000000
vt -0.000000 -0.013837 0.000000
vt 0.000000 0.049474 0.000000
vt 0.047244 0.049474 0.000000
vt 0.000000 0.052368 0.000000
vt 0.047244 0.052368 0.000000
vt 0.047244 0.055262 0.000000
vt 0.047244 0.058156 0.000000
vt 0.000000 0.058156 0.000000
vt 0.000000 0.055262 0.000000
vt 0.047244 -0.014539 0.000000
vt 0.000000 -0.014539 0.000000
vt 0.047244 -0.016590 0.000000
vt 0.000000 -0.016590 0.000000
vt 0.047244 -0.018642 0.000000
vt 0.000000 -0.018642 0.000000
vt 0.047244 -0.020693 0.000000
vt 0.000000 -0.020693 0.000000
vt 0.047244 -0.022745 0.000000
vt 0.000000 -0.022745 0.000000
vt 0.047244 -0.024796 0.000000
vt 0.000000 -0.024796 0.000000
vt 0.047244 -0.026848 0.000000
vt 0.000000 -0.026848 0.000000
vt 0.047244 -0.028899 0.000000
vt 0.000000 -0.028899 0.000000
vt 0.047244 -0.030951 0.000000
vt 0.000000 -0.030951 0.000000
vt 0.047244 -0.033002 0.000000
vt 0.000000 -0.033002 0.000000
vt 0.047244 -0.035054 0.000000
vt 0.000000 -0.035054 0.000000
vt 0.047244 -0.037105 0.000000
vt 0.000000 -0.037105 0.000000
vt 0.047244 -0.037105 0.000000
vt 0.000000 -0.037105 0.000000
vt 0.047244 -0.039157 0.000000
vt 0.000000 -0.039157 0.000000
vt 0.047244 -0.041208 0.000000
vt 0.000000 -0.041208 0.000000
vt 0.047244 -0.043260 0.000000
vt 0.000000 -0.043260 0.000000
vt 0.047244 -0.045311 0.000000
vt 0.000000 -0.045311 0.000000
vt 0.047244 -0.047363 0.000000
vt 0.000000 -0.047363 0.000000
vt 0.047244 -0.049414 0.000000
vt 0.000000 -0.049414 0.000000
vt 0.047244 -0.051466 0.000000
vt 0.000000 -0.051466 0.000000
vt 0.047244 -0.053517 0.000000
vt 0.000000 -0.053517 0.000000
vt 0.047244 -0.055569 0.000000
vt 0.000000 -0.055569 0.000000
vt 0.047244 -0.057620 0.000000
vt 0.000000 -0.057620 0.000000
vt 0.047244 -0.059672 0.000000
vt 0.000000 -0.059672 0.000000
vn -0.000000 -0.000000 100.000000
vn -0.000000 -0.589824 99.998261
vn -0.000000 -0.000000 100.000000
vn -0.000000 -0.589825 99.998261
vn -0.000000 -1.231899 99.992412
vn -0.000000 -1.231903 99.992412
vn -0.000000 -1.928690 99.981399
vn -0.000000 -1.928698 99.981399
vn -0.000000 -2.682669 99.964010
vn -0.000000 -2.682683 99.964010
vn -0.000000 -3.496294 99.938861
vn -0.000000 -3.496315 99.938860
vn -0.000000 -4.371980 99.904383
vn -0.000000 -4.372011 99.904382
vn -0.000000 -5.312071 99.858810
vn -0.000000 -5.312112 99.858808
vn -0.000000 -6.318798 99.800164
vn -0.000000 -6.318851 99.800161
vn -0.000000 -7.394321 99.726245
vn -0.000000 -7.394385 99.726241
vn -0.000000 -8.540604 99.634623
vn -0.000000 -8.540678 99.634617
vn -0.000000 -9.759277 99.522643
vn -0.000000 -9.759361 99.522635
vn -0.000000 -11.051658 99.387428
vn -0.000000 -11.051749 99.387418
vn -0.000000 -12.418313 99.225932
vn -0.000000 -12.418406 99.225920
vn -0.000000 -13.859338 99.034937
vn -0.000000 -13.859429 99.034924
vn -0.000000 -15.374680 98.811028
vn -0.000000 -15.374762 98.811015
vn -0.000000 -16.963697 98.550662
vn -0.000000 -16.963762 98.550651
vn -0.000000 -18.628578 98.249560
vn -0.000000 -18.628616 98.249553
vn -0.000000 -20.370864 97.903156
vn -0.000000 -20.370863 97.903156
vn -0.000000 -22.134293 97.519604
vn -0.000000 -22.134340 97.519593
vn -0.000000 -23.861392 97.111451
vn -0.000000 -23.861480 97.111430
vn -0.000000 -25.542570 96.682869
vn -0.000000 -25.542692 96.682837
vn 0.000000 -27.168339 96.238669
vn 0.000000 -27.168488 96.238627
vn 0.000000 -28.734569 95.782694
vn 0.000000 -28.734739 95.782643
vn 0.000000 -30.237336 95.318957
vn 0.000000 -30.237522 95.318898
vn 0.000000 -31.673497 94.851408
vn 0.000000 -31.673694 94.851342
vn 0.000000 -33.040115 94.384060
vn 0.000000 -33.040317 94.383989
vn 0.000000 -35.551608 93.467017
vn 0.000000 -35.551809 93.466940
vn 0.000000 -37.746647 92.602325
vn 0.000000 -37.746832 92.602250
vn 0.000000 -39.602164 91.824118
vn 0.000000 -39.602322 91.824050
vn 0.000000 -41.096944 91.164912
vn 0.000000 -41.097067 91.164856
vn 0.000000 -42.209708 90.655064
vn 0.000000 -42.209792 90.655024
vn 0.000000 -42.917688 90.322047
vn 0.000000 -42.917732 90.322026
vn 0.000000 -43.195430 90.189549
vn 0.000000 -43.195435 90.189547
vn 0.000000 -43.013540 90.276439
vn 0.000000 -43.013507 90.276454
vn 0.000000 -42.337664 90.595376
vn 0.000000 -42.337600 90.595406
vn 0.000000 -41.127918 91.150943
vn 0.000000 -41.127828 91.150983
vn 0.000000 -39.339020 91.937161
vn 0.000000 -39.338912 91.937207
vn 0.000000 -36.921630 92.934349
vn 0.000000 -36.921513 92.934395
vn 0.000000 -33.825455 94.105465
vn 0.000000 -33.825340 94.105507
vn 0.000000 -30.004762 95.392422
vn 0.000000 -30.004659 95.392455
vn -0.000000 -25.426828 96.713372
vn -0.000000 -25.426746 96.713394
vn -0.000000 -22.849967 97.354399
vn -0.000000 -22.849897 97.354415
vn -0.000000 -20.083254 97.962559
vn -0.000000 -20.083199 97.962570
vn -0.000000 -17.131586 98.521616
vn -0.000000 -17.131544 98.521623
vn -0.000000 -14.002972 99.014730
vn -0.000000 -14.002944 99.014734
vn -0.000000 -10.708817 99.424953
vn -0.000000 -10.708800 99.424955
vn -0.000000 -7.264066 99.735818
vn -0.000000 -7.264058 99.735818
vn -0.000000 -3.687197 99.932000
vn -0.000000 -3.687194 99.932000
vn -0.000000 -0.000000 100.000000
vn -0.000000 -0.000000 100.000000
vn -0.000000 -0.000000 100.000000
vn -0.000000 -0.000000 100.000000
vn 0.000000 -100.000000 -0.000000
vn 0.000000 -100.000000 -0.000000
vn 0.000000 -100.000000 -0.000000
vn 0.000000 -100.000000 -0.000000
vn 0.000000 0.000000 -100.000000
vn 0.000000 0.000000 -100.000000
vn 0.000000 0.000000 -100.000000
vn 0.000000 0.000000 -100.000000
vn -0.000000 100.000000 0.000000
vn -0.000000 100.000000 0.000000
vn -0.000000 100.000000 0.000000
vn -0.000000 100.000000 0.000000
vn -0.000000 -0.000000 100.000000
vn -0.000000 -0.000000 100.000000
vn -0.000000 -0.000000 100.000000
vn -0.000000 -0.000000 100.000000
vn -0.000000 3.687194 99.932000
vn -0.000000 3.687197 99.932000
vn -0.000000 7.264058 99.735818
vn -0.000000 7.264066 99.735818
vn -0.000000 10.708800 99.424955
vn -0.000000 10.708817 99.424953
vn -0.000000 14.002944 99.014734
vn -0.000000 14.002972 99.014730
vn -0.000000 17.131544 98.521623
vn -0.000000 17.131586 98.521616
vn -0.000000 20.083199 97.962570
vn -0.000000 20.083254 97.962559
vn -0.000000 22.849897 97.354415
vn -0.000000 22.849967 97.354399
vn -0.000000 25.426746 96.713394
vn -0.000000 25.426828 96.713372
vn -0.000000 30.004659 95.392455
vn -0.000000 30.004762 95.392422
vn -0.000000 33.825340 94.105507
vn -0.000000 33.825455 94.105465
vn -0.000000 36.921513 92.934395
vn -0.000000 36.921630 92.934349
vn -0.000000 39.338912 91.937207
vn -0.000000 39.339020 91.937161
vn -0.000000 41.127828 91.150983
vn -0.000000 41.127918 91.150943
vn -0.000000 42.337600 90.595406
vn -0.000000 42.337664 90.595376
vn -0.000000 43.013507 90.276454
vn -0.000000 43.013540 90.276439
vn -0.000000 43.195435 90.189547
vn -0.000000 43.195430 90.189549
vn -0.000000 42.917732 90.322026
vn -0.000000 42.917688 90.322047
vn -0.000000 42.209792 90.655024
vn -0.000000 42.209708 90.655064
vn -0.000000 41.097067 91.164856
vn -0.000000 41.096944 91.164912
vn -0.000000 39.602322 91.824050
vn -0.000000 39.602164 91.824118
vn -0.000000 37.746832 92.602250
vn -0.000000 37.746647 92.602325
vn -0.000000 35.551809 93.466940
vn -0.000000 35.551608 93.467017
vn -0.000000 33.040317 94.383989
vn -0.000000 33.040115 94.384060
vn -0.000000 31.673694 94.851342
vn -0.000000 31.673497 94.851408
vn -0.000000 30.237522 95.318898
vn -0.000000 30.237336 95.318957
vn -0.000000 28.734739 95.782643
vn -0.000000 28.734569 95.782694
vn -0.000000 27.168488 96.238627
vn -0.000000 27.168339 96.238669
vn -0.000000 25.542692 96.682837
vn -0.000000 25.542570 96.682869
vn -0.000000 23.861480 97.111430
vn -0.000000 23.861392 97.111451
vn -0.000000 22.134340 97.519593
vn -0.000000 22.134293 97.519604
vn -0.000000 20.370864 97.903156
vn -0.000000 20.370863 97.903156
vn -0.000000 18.628616 98.249553
vn -0.000000 18.628578 98.249560
vn -0.000000 16.963762 98.550651
vn -0.000000 16.963697 98.550662
vn -0.000000 15.374762 98.811015
vn -0.000000 15.374680 98.811028
vn -0.000000 13.859429 99.034924
vn -0.000000 13.859338 99.034937
vn -0.000000 12.418406 99.225920
vn -0.000000 12.418313 99.225932
vn -0.000000 11.051749 99.387418
vn -0.000000 11.051658 99.387428
vn -0.000000 9.759361 99.522635
vn -0.000000 9.759277 99.522643
vn -0.000000 8.540678 99.634617
vn -0.000000 8.540604 99.634623
vn -0.000000 7.394385 99.726241
vn -0.000000 7.394321 99.726245
vn -0.000000 6.318851 99.800161
vn -0.000000 6.318798 99.800164
vn -0.000000 5.312112 99.858808
vn -0.000000 5.312071 99.858810
vn -0.000000 4.372011 99.904382
vn -0.000000 4.371980 99.904383
vn -0.000000 3.496315 99.938860
vn -0.000000 3.496294 99.938861
vn -0.000000 2.682683 99.964010
vn -0.000000 2.682669 99.964010
vn -0.000000 1.928698 99.981399
vn -0.000000 1.928690 99.981399
vn -0.000000 1.231903 99.992412
vn -0.000000 1.231899 99.992412
vn -0.000000 0.589825 99.998261
vn -0.000000 0.589824 99.998261
vn 100.000000 0.000000 0.000000
vn 100.000000 0.000000 0.000000
vn 100.000000 0.000000 0.000000
vn 100.000000 0.000000 0.000000
vn 100.000000 0.000000 0.000000
vn 100.000000 0.000000 0.000000
vn 100.000000 0.000000 0.000000
vn 100.000000 0.000000 0.000000
vn 100.000000 0.000000 0.000000
vn 100.000000 0.000000 0.000000
vn 100.000000 0.000000 0.000000
vn 100.000000 0.000000 0.000000
vn 100.000000 0.000000 0.000000
vn 100.000000 0.000000 0.000000
vn 100.000000 0.000000 0.000000
vn 100.000000 0.000000 0.000000
vn 100.000000 0.000000 0.000000
vn 100.000000 0.000000 0.000000
vn 100.000000 0.000000 0.000000
vn 100.000000 0.000000 0.000000
vn 100.000000 0.000000 0.000000
vn 100.000000 0.000000 0.000000
vn 100.000000 0.000000 0.000000
vn 100.000000 0.000000 0.000000
vn 100.000000 0.000000 0.000000
vn 100.000000 0.000000 0.000000
vn 100.000000 0.000000 0.000000
vn 100.000000 0.000000 0.000000
vn 100.000000 0.000000 0.000000
vn 100.000000 0.000000 0.000000
vn 100.000000 0.000000 0.000000
vn 100.000000 0.000000 0.000000
vn 100.000000 0.000000 0.000000
vn 100.000000 0.000000 0.000000
vn 100.000000 0.000000 0.000000
vn 100.000000 0.000000 0.000000
vn 100.000000 0.000000 0.000000
vn 100.000000 0.000000 0.000000
vn 100.000000 0.000000 0.000000
vn 100.000000 0.000000 0.000000
vn 100.000000 0.000000 0.000000
vn 100.000000 0.000000 0.000000
vn 100.000000 0.000000 0.000000
vn 100.000000 0.000000 0.000000
vn 100.000000 0.000000 0.000000
vn 100.000000 0.000000 0.000000
vn 100.000000 0.000000 0.000000
vn 100.000000 0.000000 0.000000
vn 100.000000 0.000000 0.000000
vn 100.000000 0.000000 0.000000
vn 100.000000 0.000000 0.000000
vn 100.000000 0.000000 0.000000
vn 100.000000 0.000000 0.000000
vn 100.000000 0.000000 0.000000
vn 100.000000 0.000000 0.000000
vn 100.000000 0.000000 0.000000
vn 100.000000 0.000000 0.000000
vn 100.000000 0.000000 0.000000
vn 100.000000 0.000000 0.000000
vn 100.000000 0.000000 0.000000
vn 100.000000 0.000000 0.000000
vn 100.000000 0.000000 0.000000
vn 100.000000 0.000000 0.000000
vn 100.000000 0.000000 0.000000
vn 100.000000 0.000000 0.000000
vn 100.000000 0.000000 0.000000
vn 100.000000 0.000000 0.000000
vn 100.000000 0.000000 0.000000
vn 100.000000 0.000000 0.000000
vn 100.000000 0.000000 0.000000
vn 100.000000 0.000000 0.000000
vn 100.000000 0.000000 0.000000
vn 100.000000 0.000000 0.000000
vn 100.000000 0.000000 0.000000
vn 100.000000 0.000000 0.000000
vn 100.000000 0.000000 0.000000
vn 100.000000 0.000000 0.000000
vn 100.000000 0.000000 0.000000
vn 100.000000 0.000000 0.000000
vn 100.000000 0.000000 0.000000
vn 100.000000 0.000000 0.000000
vn 100.000000 0.000000 0.000000
vn 100.000000 0.000000 0.000000
vn 100.000000 0.000000 0.000000
vn 100.000000 0.000000 0.000000
vn 100.000000 0.000000 0.000000
vn 100.000000 0.000000 0.000000
vn 100.000000 0.000000 0.000000
vn 100.000000 0.000000 0.000000
vn 100.000000 0.000000 0.000000
vn 100.000000 0.000000 0.000000
vn 100.000000 0.000000 0.000000
vn 100.000000 0.000000 0.000000
vn 100.000000 0.000000 0.000000
vn 100.000000 0.000000 0.000000
vn 100.000000 0.000000 0.000000
vn 100.000000 0.000000 0.000000
vn 100.000000 0.000000 0.000000
vn 100.000000 0.000000 0.000000
vn 100.000000 0.000000 0.000000
vn 100.000000 0.000000 0.000000
vn 100.000000 0.000000 0.000000
vn 100.000000 0.000000 0.000000
vn 100.000000 0.000000 0.000000
vn 100.000000 0.000000 0.000000
vn 100.000000 0.000000 0.000000
vn 100.000000 0.000000 0.000000
vn 100.000000 0.000000 0.000000
vn 100.000000 0.000000 0.000000
vn 100.000000 0.000000 0.000000
vn 100.000000 0.000000 0.000000
vn 100.000000 0.000000 0.000000
vn 100.000000 0.000000 0.000000
vn 100.000000 0.000000 0.000000
vn 100.000000 0.000000 0.000000
vn 100.000000 0.000000 0.000000
vn 100.000000 0.000000 0.000000
vn 100.000000 0.000000 0.000000
vn 100.000000 0.000000 0.000000
vn 100.000000 0.000000 0.000000
vn 100.000000 0.000000 0.000000
vn 100.000000 0.000000 0.000000
vn 100.000000 0.000000 0.000000
vn 100.000000 0.000000 0.000000
vn 100.000000 0.000000 0.000000
vn 100.000000 0.000000 0.000000
vn 100.000000 0.000000 0.000000
vn 100.000000 0.000000 0.000000
vn 100.000000 0.000000 0.000000
vn 100.000000 0.000000 0.000000
vn 100.000000 0.000000 0.000000
vn 100.000000 0.000000 0.000000
vn 100.000000 0.000000 0.000000
vn 100.000000 0.000000 0.000000
vn 100.000000 0.000000 0.000000
vn 100.000000 0.000000 0.000000
vn 100.000000 0.000000 0.000000
vn 100.000000 0.000000 0.000000
vn 100.000000 0.000000 0.000000
vn 100.000000 0.000000 0.000000
vn 100.000000 0.000000 0.000000
vn 100.000000 0.000000 0.000000
vn 100.000000 0.000000 0.000000
vn 100.000000 0.000000 0.000000
vn 100.000000 0.000000 0.000000
vn 100.000000 0.000000 0.000000
vn 100.000000 0.000000 0.000000
vn 100.000000 0.000000 0.000000
vn 100.000000 0.000000 0.000000
vn 100.000000 0.000000 0.000000
vn 100.000000 0.000000 0.000000
vn 100.000000 0.000000 0.000000
vn 100.000000 0.000000 0.000000
vn 100.000000 0.000000 0.000000
vn 100.000000 0.000000 0.000000
vn 100.000000 0.000000 0.000000
vn 100.000000 0.000000 0.000000
vn 100.000000 0.000000 0.000000
vn 100.000000 0.000000 0.000000
vn 100.000000 0.000000 0.000000
vn 100.000000 0.000000 0.000000
vn 100.000000 0.000000 0.000000
vn 100.000000 0.000000 0.000000
vn 100.000000 0.000000 0.000000
vn 100.000000 0.000000 0.000000
vn 100.000000 0.000000 0.000000
vn 100.000000 0.000000 0.000000
vn 100.000000 0.000000 0.000000
vn 100.000000 0.000000 0.000000
vn 100.000000 0.000000 0.000000
vn 100.000000 0.000000 0.000000
vn 100.000000 0.000000 0.000000
vn 100.000000 0.000000 0.000000
vn 100.000000 0.000000 0.000000
vn 100.000000 0.000000 0.000000
vn 100.000000 0.000000 0.000000
vn 100.000000 0.000000 0.000000
vn 100.000000 0.000000 0.000000
vn 100.000000 0.000000 0.000000
vn 100.000000 0.000000 0.000000
vn 100.000000 0.000000 0.000000
vn 100.000000 0.000000 0.000000
vn 100.000000 0.000000 0.000000
vn 100.000000 0.000000 0.000000
vn 100.000000 0.000000 0.000000
vn 100.000000 0.000000 0.000000
vn 100.000000 0.000000 0.000000
vn 100.000000 0.000000 0.000000
vn 100.000000 0.000000 0.000000
vn 100.000000 0.000000 0.000000
vn 100.000000 0.000000 0.000000
vn 100.000000 0.000000 0.000000
vn 100.000000 0.000000 0.000000
vn 100.000000 0.000000 0.000000
vn 100.000000 0.000000 0.000000
vn 100.000000 0.000000 0.000000
vn 100.000000 0.000000 0.000000
vn 100.000000 0.000000 0.000000
vn 100.000000 0.000000 0.000000
vn 100.000000 0.000000 0.000000
vn 100.000000 0.000000 0.000000
vn 100.000000 0.000000 0.000000
vn 100.000000 0.000000 0.000000
vn 100.000000 0.000000 0.000000
vn 100.000000 0.000000 0.000000
vn 100.000000 0.000000 0.000000
vn 100.000000 0.000000 0.000000
vn 100.000000 0.000000 0.000000
vn -100.000000 -0.000000 -0.000000
vn -100.000000 -0.000000 -0.000000
vn -100.000000 -0.000000 -0.000000
vn -100.000000 -0.000000 -0.000000
vn -100.000000 -0.000000 -0.000000
vn -100.000000 -0.000000 -0.000000
vn -100.000000 -0.000000 -0.000000
vn -100.000000 -0.000000 -0.000000
vn -100.000000 -0.000000 -0.000000
vn -100.000000 -0.000000 -0.000000
vn -100.000000 -0.000000 -0.000000
vn -100.000000 -0.000000 -0.000000
vn -100.000000 -0.000000 -0.000000
vn -100.000000 -0.000000 -0.000000
vn -100.000000 -0.000000 -0.000000
vn -100.000000 -0.000000 -0.000000
vn -100.000000 -0.000000 -0.000000
vn -100.000000 -0.000000 -0.000000
vn -100.000000 -0.000000 -0.000000
vn -100.000000 -0.000000 -0.000000
vn -100.000000 -0.000000 -0.000000
vn -100.000000 -0.000000 -0.000000
vn -100.000000 -0.000000 -0.000000
vn -100.000000 -0.000000 -0.000000
vn -100.000000 -0.000000 -0.000000
vn -100.000000 -0.000000 -0.000000
vn -100.000000 -0.000000 -0.000000
vn -100.000000 -0.000000 -0.000000
vn -100.000000 -0.000000 -0.000000
vn -100.000000 -0.000000 -0.000000
vn -100.000000 -0.000000 -0.000000
vn -100.000000 -0.000000 -0.000000
vn -100.000000 -0.000000 -0.000000
vn -100.000000 -0.000000 -0.000000
vn -100.000000 -0.000000 -0.000000
vn -100.000000 -0.000000 -0.000000
vn -100.000000 -0.000000 -0.000000
vn -100.000000 -0.000000 -0.000000
vn -100.000000 -0.000000 -0.000000
vn -100.000000 -0.000000 -0.000000
vn -100.000000 -0.000000 -0.000000
vn -100.000000 -0.000000 -0.000000
vn -100.000000 -0.000000 -0.000000
vn -100.000000 -0.000000 -0.000000
vn -100.000000 -0.000000 -0.000000
vn -100.000000 -0.000000 -0.000000
vn -100.000000 -0.000000 -0.000000
vn -100.000000 -0.000000 -0.000000
vn -100.000000 -0.000000 -0.000000
vn -100.000000 -0.000000 -0.000000
vn -100.000000 -0.000000 -0.000000
vn -100.000000 -0.000000 -0.000000
vn -100.000000 -0.000000 -0.000000
vn -100.000000 -0.000000 -0.000000
vn -100.000000 -0.000000 -0.000000
vn -100.000000 -0.000000 -0.000000
vn -100.000000 -0.000000 -0.000000
vn -100.000000 -0.000000 -0.000000
vn -100.000000 -0.000000 -0.000000
vn -100.000000 -0.000000 -0.000000
vn -100.000000 -0.000000 -0.000000
vn -100.000000 -0.000000 -0.000000
vn -100.000000 -0.000000 -0.000000
vn -100.000000 -0.000000 -0.000000
vn -100.000000 -0.000000 -0.000000
vn -100.000000 -0.000000 -0.000000
vn -100.000000 -0.000000 -0.000000
vn -100.000000 -0.000000 -0.000000
vn -100.000000 -0.000000 -0.000000
vn -100.000000 -0.000000 -0.000000
vn -100.000000 -0.000000 -0.000000
vn -100.000000 -0.000000 -0.000000
vn -100.000000 -0.000000 -0.000000
vn -100.000000 -0.000000 -0.000000
vn -100.000000 -0.000000 -0.000000
vn -100.000000 -0.000000 -0.000000
vn -100.000000 -0.000000 -0.000000
vn -100.000000 -0.000000 -0.000000
vn -100.000000 -0.000000 -0.000000
vn -100.000000 -0.000000 -0.000000
vn -100.000000 -0.000000 -0.000000
vn -100.000000 -0.000000 -0.000000
vn -100.000000 -0.000000 -0.000000
vn -100.000000 -0.000000 -0.000000
vn -100.000000 -0.000000 -0.000000
vn -100.000000 -0.000000 -0.000000
vn -100.000000 -0.000000 -0.000000
vn -100.000000 -0.000000 -0.000000
vn -100.000000 -0.000000 -0.000000
vn -100.000000 -0.000000 -0.000000
vn -100.000000 -0.000000 -0.000000
vn -100.000000 -0.000000 -0.000000
vn -100.000000 -0.000000 -0.000000
vn -100.000000 -0.000000 -0.000000
vn -100.000000 -0.000000 -0.000000
vn -100.000000 -0.000000 -0.000000
vn -100.000000 -0.000000 -0.000000
vn -100.000000 -0.000000 -0.000000
vn -100.000000 -0.000000 -0.000000
vn -100.000000 -0.000000 -0.000000
vn -100.000000 -0.000000 -0.000000
vn -100.000000 -0.000000 -0.000000
vn -100.000000 -0.000000 -0.000000
vn -100.000000 -0.000000 -0.000000
vn -100.000000 -0.000000 -0.000000
vn -100.000000 -0.000000 -0.000000
vn -100.000000 -0.000000 -0.000000
vn -100.000000 -0.000000 -0.000000
vn -100.000000 -0.000000 -0.000000
vn -100.000000 -0.000000 -0.000000
vn -100.000000 -0.000000 -0.000000
vn -100.000000 -0.000000 -0.000000
vn -100.000000 -0.000000 -0.000000
vn -100.000000 -0.000000 -0.000000
vn -100.000000 -0.000000 -0.000000
vn -100.000000 -0.000000 -0.000000
vn -100.000000 -0.000000 -0.000000
vn -100.000000 -0.000000 -0.000000
vn -100.000000 -0.000000 -0.000000
vn -100.000000 -0.000000 -0.000000
vn -100.000000 -0.000000 -0.000000
vn -100.000000 -0.000000 -0.000000
vn -100.000000 -0.000000 -0.000000
vn -100.000000 -0.000000 -0.000000
vn -100.000000 -0.000000 -0.000000
vn -100.000000 -0.000000 -0.000000
vn -100.000000 -0.000000 -0.000000
vn -100.000000 -0.000000 -0.000000
vn -100.000000 -0.000000 -0.000000
vn -100.000000 -0.000000 -0.000000
vn -100.000000 -0.000000 -0.000000
vn -100.000000 -0.000000 -0.000000
vn -100.000000 -0.000000 -0.000000
vn -100.000000 -0.000000 -0.000000
vn -100.000000 -0.000000 -0.000000
vn -100.000000 -0.000000 -0.000000
vn -100.000000 -0.000000 -0.000000
vn -100.000000 -0.000000 -0.000000
vn -100.000000 -0.000000 -0.000000
vn -100.000000 -0.000000 -0.000000
vn -100.000000 -0.000000 -0.000000
vn -100.000000 -0.000000 -0.000000
vn -100.000000 -0.000000 -0.000000
vn -100.000000 -0.000000 -0.000000
vn -100.000000 -0.000000 -0.000000
vn -100.000000 -0.000000 -0.000000
vn -100.000000 -0.000000 -0.000000
vn -100.000000 -0.000000 -0.000000
vn -100.000000 -0.000000 -0.000000
vn -100.000000 -0.000000 -0.000000
vn -100.000000 -0.000000 -0.000000
vn -100.000000 -0.000000 -0.000000
vn -100.000000 -0.000000 -0.000000
vn -100.000000 -0.000000 -0.000000
vn -100.000000 -0.000000 -0.000000
vn -100.000000 -0.000000 -0.000000
vn -100.000000 -0.000000 -0.000000
vn -100.000000 -0.000000 -0.000000
vn -100.000000 -0.000000 -0.000000
vn -100.000000 -0.000000 -0.000000
vn -100.000000 -0.000000 -0.000000
vn -100.000000 -0.000000 -0.000000
vn -100.000000 -0.000000 -0.000000
vn -100.000000 -0.000000 -0.000000
vn -100.000000 -0.000000 -0.000000
vn -100.000000 -0.000000 -0.000000
vn -100.000000 -0.000000 -0.000000
vn -100.000000 -0.000000 -0.000000
vn -100.000000 -0.000000 -0.000000
vn -100.000000 -0.000000 -0.000000
vn -100.000000 -0.000000 -0.000000
vn -100.000000 -0.000000 -0.000000
vn -100.000000 -0.000000 -0.000000
vn -100.000000 -0.000000 -0.000000
vn -100.000000 -0.000000 -0.000000
vn -100.000000 -0.000000 -0.000000
vn -100.000000 -0.000000 -0.000000
vn -100.000000 -0.000000 -0.000000
vn -100.000000 -0.000000 -0.000000
vn -100.000000 -0.000000 -0.000000
vn -100.000000 -0.000000 -0.000000
vn -100.000000 -0.000000 -0.000000
vn -100.000000 -0.000000 -0.000000
vn -100.000000 -0.000000 -0.000000
vn -100.000000 -0.000000 -0.000000
vn -100.000000 -0.000000 -0.000000
vn -100.000000 -0.000000 -0.000000
vn -100.000000 -0.000000 -0.000000
vn -100.000000 -0.000000 -0.000000
vn -100.000000 -0.000000 -0.000000
vn -100.000000 -0.000000 -0.000000
vn -100.000000 -0.000000 -0.000000
vn -100.000000 -0.000000 -0.000000
vn -100.000000 -0.000000 -0.000000
vn -100.000000 -0.000000 -0.000000
vn -100.000000 -0.000000 -0.000000
vn -100.000000 -0.000000 -0.000000
vn -100.000000 -0.000000 -0.000000
vn -100.000000 -0.000000 -0.000000
vn -100.000000 -0.000000 -0.000000
vn -100.000000 -0.000000 -0.000000
vn -100.000000 -0.000000 -0.000000
vn -100.000000 -0.000000 -0.000000
vn -100.000000 -0.000000 -0.000000
vn -100.000000 -0.000000 -0.000000
vn -100.000000 -0.000000 -0.000000
vn -100.000000 -0.000000 -0.000000
vn -100.000000 -0.000000 -0.000000
vn 0.000000 0.000000 -100.000000
vn 0.000000 0.000000 -100.000000
vn 0.000000 -1.436152 -99.989687
vn 0.000000 -1.436167 -99.989687
vn 0.000000 -2.900795 -99.957918
vn 0.000000 -2.900854 -99.957916
vn 0.000000 -4.390164 -99.903586
vn 0.000000 -4.390290 -99.903580
vn 0.000000 -5.900477 -99.825770
vn 0.000000 -5.900691 -99.825757
vn 0.000000 -7.427960 -99.723745
vn 0.000000 -7.428279 -99.723722
vn 0.000000 -8.968873 -99.596984
vn 0.000000 -8.969308 -99.596945
vn 0.000000 -10.519533 -99.445158
vn 0.000000 -10.520089 -99.445099
vn 0.000000 -12.076334 -99.268133
vn 0.000000 -12.077015 -99.268050
vn 0.000000 -13.635777 -99.065966
vn 0.000000 -13.636578 -99.065856
vn 0.000000 -15.194482 -98.838898
vn 0.000000 -15.195397 -98.838757
vn 0.000000 -16.749214 -98.587341
vn 0.000000 -16.750231 -98.587168
vn 0.000000 -18.296895 -98.311869
vn 0.000000 -18.298001 -98.311663
vn 0.000000 -19.834627 -98.013201
vn 0.000000 -19.835802 -98.012963
vn 0.000000 -21.359700 -97.692186
vn 0.000000 -21.360921 -97.691919
vn 0.000000 -22.869568 -97.349796
vn 0.000000 -22.870806 -97.349506
vn 0.000000 -24.361875 -96.987108
vn 0.000000 -24.363100 -96.986800
vn 0.000000 -25.834613 -96.605242
vn 0.000000 -25.835792 -96.604927
vn 0.000000 -27.286007 -96.205373
vn 0.000000 -27.287105 -96.205062
vn 0.000000 -28.713893 -95.788895
vn 0.000000 -28.714873 -95.788601
vn 0.000000 -30.116218 -95.357293
vn 0.000000 -30.117040 -95.357034
vn 0.000000 -31.496248 -94.910412
vn 0.000000 -31.496878 -94.910203
vn 0.000000 -32.835846 -94.455319
vn 0.000000 -32.836230 -94.455185
vn 0.000000 -34.208808 -93.966789
vn 0.000000 -34.208948 -93.966738
vn 0.000000 -35.903354 -93.332466
vn 0.000000 -35.903258 -93.332503
vn 0.000000 -38.135513 -92.442861
vn 0.000000 -38.135851 -92.442722
vn 0.000000 -40.995915 -91.210388
vn 0.000000 -40.996462 -91.210143
vn 0.000000 -42.714350 -90.418385
vn 0.000000 -42.714979 -90.418088
vn 0.000000 -44.663338 -89.471706
vn 0.000000 -44.664031 -89.471361
vn 0.000000 -46.878295 -88.331339
vn 0.000000 -46.879027 -88.330950
vn 0.000000 -49.401716 -86.945215
vn 0.000000 -49.402461 -86.944792
vn 0.000000 -52.283624 -85.243314
vn 0.000000 -52.284351 -85.242869
vn 0.000000 -55.581945 -83.130304
vn 0.000000 -55.582620 -83.129853
vn 0.000000 -59.361394 -80.474996
vn 0.000000 -59.361981 -80.474563
vn 0.000000 -63.687982 -77.096310
vn 0.000000 -63.688447 -77.095926
vn 0.000000 -68.616241 -72.744838
vn 0.000000 -68.616563 -72.744534
vn 0.000000 -74.161257 -67.082844
vn 0.000000 -74.161431 -67.082652
vn 0.000000 -80.244485 -59.672629
vn 0.000000 -80.244536 -59.672560
vn 0.000000 -86.602540 -50.000000
vn 0.000000 -86.602540 -50.000000
vn -0.000000 86.602540 -50.000000
vn -0.000000 86.602540 -50.000000
vn -0.000000 80.244536 -59.672560
vn -0.000000 80.244485 -59.672629
vn -0.000000 74.161431 -67.082652
vn -0.000000 74.161257 -67.082844
vn -0.000000 68.616563 -72.744534
vn -0.000000 68.616241 -72.744838
vn -0.000000 63.688447 -77.095926
vn -0.000000 63.687982 -77.096310
vn -0.000000 59.361981 -80.474563
vn -0.000000 59.361394 -80.474996
vn -0.000000 55.582620 -83.129853
vn -0.000000 55.581945 -83.130304
vn -0.000000 52.284351 -85.242869
vn -0.000000 52.283624 -85.243314
vn -0.000000 49.402461 -86.944792
vn -0.000000 49.401716 -86.945215
vn -0.000000 46.879027 -88.330950
vn -0.000000 46.878295 -88.331339
vn -0.000000 44.664031 -89.471361
vn -0.000000 44.663338 -89.471706
vn -0.000000 42.714979 -90.418088
vn -0.000000 42.714350 -90.418385
vn -0.000000 40.996462 -91.210143
vn -0.000000 40.995915 -91.210388
vn -0.000000 38.135851 -92.442722
vn -0.000000 38.135513 -92.442861
vn -0.000000 35.903354 -93.332466
vn -0.000000 35.903258 -93.332503
vn -0.000000 34.208948 -93.966738
vn -0.000000 34.208808 -93.966789
vn -0.000000 32.836230 -94.455185
vn -0.000000 32.835846 -94.455319
vn -0.000000 31.496878 -94.910203
vn -0.000000 31.496248 -94.910412
vn -0.000000 30.117040 -95.357034
vn -0.000000 30.116218 -95.357293
vn -0.000000 28.714873 -95.788601
vn -0.000000 28.713893 -95.788895
vn -0.000000 27.287105 -96.205062
vn -0.000000 27.286007 -96.205373
vn 0.000000 25.835792 -96.604927
vn 0.000000 25.834613 -96.605242
vn 0.000000 24.363100 -96.986800
vn 0.000000 24.361875 -96.987108
vn 0.000000 22.870806 -97.349506
vn 0.000000 22.869568 -97.349796
vn 0.000000 21.360921 -97.691919
vn 0.000000 21.359700 -97.692186
vn 0.000000 19.835802 -98.012963
vn 0.000000 19.834627 -98.013201
vn 0.000000 18.298001 -98.311663
vn 0.000000 18.296895 -98.311869
vn 0.000000 16.750231 -98.587168
vn 0.000000 16.749214 -98.587341
vn 0.000000 15.195397 -98.838757
vn 0.000000 15.194482 -98.838898
vn 0.000000 13.636578 -99.065856
vn 0.000000 13.635777 -99.065966
vn 0.000000 12.077015 -99.268050
vn 0.000000 12.076334 -99.268133
vn 0.000000 10.520089 -99.445099
vn 0.000000 10.519533 -99.445158
vn 0.000000 8.969308 -99.596945
vn 0.000000 8.968873 -99.596984
vn 0.000000 7.428279 -99.723722
vn 0.000000 7.427960 -99.723745
vn 0.000000 5.900691 -99.825757
vn 0.000000 5.900477 -99.825770
vn 0.000000 4.390290 -99.903580
vn 0.000000 4.390164 -99.903586
vn 0.000000 2.900854 -99.957916
vn 0.000000 2.900795 -99.957918
vn 0.000000 1.436167 -99.989687
vn 0.000000 1.436152 -99.989687
vn -0.000000 89.500906 -44.604797
vn -0.000000 89.500906 -44.604797
vn -0.000000 92.063564 -39.042286
vn -0.000000 94.280904 -33.333333
vn -0.000000 94.280904 -33.333333
vn -0.000000 92.063564 -39.042286
vn -0.000000 -0.000000 100.000000
vn -0.000000 -0.000000 100.000000
vn -0.000000 -0.000000 100.000000
vn -0.000000 -0.000000 100.000000
vn 0.000000 -89.500906 -44.604797
vn 0.000000 -89.500906 -44.604797
vn 0.000000 -92.063564 -39.042286
vn 0.000000 -94.280904 -33.333333
vn 0.000000 -94.280904 -33.333333
vn 0.000000 -92.063564 -39.042286
vn -0.000000 98.622997 -16.537968
vn -0.000000 98.622997 -16.537968
vn -0.000000 99.997149 0.755088
vn -0.000000 99.997149 0.755088
vn -0.000000 98.362006 18.025420
vn -0.000000 98.362006 18.025420
vn -0.000000 93.766776 34.753299
vn -0.000000 93.766776 34.753299
vn -0.000000 86.349746 50.435319
vn -0.000000 86.349746 50.435319
vn -0.000000 76.334123 64.599548
vn -0.000000 76.334123 64.599548
vn -0.000000 64.021317 76.819731
vn -0.000000 64.021317 76.819731
vn -0.000000 49.781865 86.728115
vn -0.000000 49.781865 86.728115
vn -0.000000 34.044287 94.026520
vn -0.000000 34.044287 94.026520
vn -0.000000 17.282187 98.495310
vn -0.000000 17.282187 98.495310
vn -0.000000 -17.282187 98.495310
vn -0.000000 -17.282187 98.495310
vn 0.000000 -34.044287 94.026520
vn 0.000000 -34.044287 94.026520
vn 0.000000 -49.781865 86.728115
vn 0.000000 -49.781865 86.728115
vn 0.000000 -64.021317 76.819731
vn 0.000000 -64.021317 76.819731
vn 0.000000 -76.334123 64.599548
vn 0.000000 -76.334123 64.599548
vn 0.000000 -86.349746 50.435319
vn 0.000000 -86.349746 50.435319
vn 0.000000 -93.766776 34.753299
vn 0.000000 -93.766776 34.753299
vn 0.000000 -98.362006 18.025420
vn 0.000000 -98.362006 18.025420
vn 0.000000 -99.997149 0.755088
vn 0.000000 -99.997149 0.755088
vn 0.000000 -98.622997 -16.537968
vn 0.000000 -98.622997 -16.537968
f 25/73/73 26/74/74 124/75/75
f 124/75/75 26/74/74 123/76/76
f 123/76/76 26/74/74 27/77/77
f 123/76/76 27/77/77 122/78/78
f 122/78/78 27/77/77 28/79/79
f 122/78/78 28/79/79 121/80/80
f 121/80/80 28/79/79 29/81/81
f 121/80/80 29/81/81 120/82/82
f 120/82/82 29/81/81 30/83/83
f 120/82/82 30/83/83 119/84/84
f 119/84/84 30/83/83 31/85/85
f 119/84/84 31/85/85 118/86/86
f 118/86/86 31/85/85 32/87/87
f 118/86/86 32/87/87 117/88/88
f 117/88/88 32/87/87 33/89/89
f 117/88/88 33/89/89 116/90/90
f 116/90/90 33/89/89 34/91/91
f 116/90/90 34/91/91 115/92/92
f 115/92/92 34/91/91 35/93/93
f 115/92/92 35/93/93 114/94/94
f 114/94/94 35/93/93 36/95/95
f 114/94/94 36/95/95 113/96/96
f 113/96/96 36/95/95 37/97/97
f 113/96/96 37/97/97 112/98/98
f 112/98/98 37/97/97 38/99/99
f 112/98/98 38/99/99 111/100/100
f 111/100/100 38/99/99 39/101/101
f 111/100/100 39/101/101 110/102/102
f 110/102/102 39/101/101 40/103/103
f 110/102/102 40/103/103 109/104/104
f 109/104/104 40/103/103 41/105/105
f 109/104/104 41/105/105 108/106/106
f 108/106/106 41/105/105 42/107/107
f 108/106/106 42/107/107 107/108/108
f 107/108/108 42/107/107 43/109/109
f 107/108/108 43/109/109 106/110/110
f 106/110/110 43/109/109 105/111/111
f 105/111/111 43/109/109 44/112/112
f 105/111/111 44/112/112 104/113/113
f 104/113/113 44/112/112 45/114/114
f 104/113/113 45/114/114 103/115/115
f 103/115/115 45/114/114 46/116/116
f 103/115/115 46/116/116 102/117/117
f 102/117/117 46/116/116 47/118/118
f 102/117/117 47/118/118 101/119/119
f 101/119/119 47/118/118 48/120/120
f 101/119/119 48/120/120 100/121/121
f 100/121/121 48/120/120 49/122/122
f 100/121/121 49/122/122 99/123/123
f 99/123/123 49/122/122 50/124/124
f 99/123/123 50/124/124 98/125/125
f 98/125/125 50/124/124 51/126/126
f 98/125/125 51/126/126 97/127/127
f 97/127/127 51/126/126 52/128/128
f 97/127/127 52/128/128 96/129/129
f 96/129/129 52/128/128 53/130/130
f 96/129/129 53/130/130 95/131/131
f 95/131/131 53/130/130 54/132/132
f 95/131/131 54/132/132 94/133/133
f 94/133/133 54/132/132 55/134/134
f 94/133/133 55/134/134 93/135/135
f 93/135/135 55/134/134 56/136/136
f 93/135/135 56/136/136 92/137/137
f 92/137/137 56/136/136 57/138/138
f 92/137/137 57/138/138 91/139/139
f 91/139/139 57/138/138 58/140/140
f 91/139/139 58/140/140 90/141/141
f 90/141/141 58/140/140 59/142/142
f 90/141/141 59/142/142 89/143/143
f 89/143/143 59/142/142 60/144/144
f 89/143/143 60/144/144 88/145/145
f 88/145/145 60/144/144 61/146/146
f 88/145/145 61/146/146 87/147/147
f 87/147/147 61/146/146 62/148/148
f 87/147/147 62/148/148 86/149/149
f 86/149/149 62/148/148 63/150/150
f 86/149/149 63/150/150 85/151/151
f 85/151/151 63/150/150 64/152/152
f 85/151/151 64/152/152 84/153/153
f 84/153/153 64/152/152 65/154/154
f 84/153/153 65/154/154 83/155/155
f 83/155/155 65/154/154 66/156/156
f 83/155/155 66/156/156 82/157/157
f 82/157/157 66/156/156 67/158/158
f 82/157/157 67/158/158 81/159/159
f 81/159/159 67/158/158 68/160/160
f 81/159/159 68/160/160 80/161/161
f 80/161/161 68/160/160 69/162/162
f 80/161/161 69/162/162 79/163/163
f 79/163/163 69/162/162 70/164/164
f 79/163/163 70/164/164 78/165/165
f 78/165/165 70/164/164 71/166/166
f 78/165/165 71/166/166 77/167/167
f 77/167/167 71/166/166 72/168/168
f 77/167/167 72/168/168 76/169/169
f 76/169/169 72/168/168 73/170/170
f 76/169/169 73/170/170 75/171/171
f 75/171/171 73/170/170 74/172/172
f 125/173/173 126/174/174 74/175/172
f 74/175/172 126/174/174 75/176/171
f 127/177/175 128/178/176 125/179/177
f 125/179/177 128/178/176 126/180/178
f 129/181/179 130/182/180 127/183/181
f 127/183/181 130/182/180 128/184/182
f 131/185/183 132/186/184 129/187/185
f 129/187/185 132/186/184 130/188/186
f 133/189/187 134/190/188 131/191/189
f 131/191/189 134/190/188 132/192/190
f 133/193/187 135/194/191 134/195/188
f 134/195/188 135/194/191 230/196/192
f 230/196/192 135/194/191 136/197/193
f 230/196/192 136/197/193 229/198/194
f 229/198/194 136/197/193 137/199/195
f 229/198/194 137/199/195 228/200/196
f 228/200/196 137/199/195 138/201/197
f 228/200/196 138/201/197 227/202/198
f 227/202/198 138/201/197 139/203/199
f 227/202/198 139/203/199 226/204/200
f 226/204/200 139/203/199 140/205/201
f 226/204/200 140/205/201 225/206/202
f 225/206/202 140/205/201 141/207/203
f 225/206/202 141/207/203 224/208/204
f 224/208/204 141/207/203 142/209/205
f 224/208/204 142/209/205 223/210/206
f 223/210/206 142/209/205 143/211/207
f 223/210/206 143/211/207 222/212/208
f 222/212/208 143/211/207 144/213/209
f 222/212/208 144/213/209 221/214/210
f 221/214/210 144/213/209 145/215/211
f 221/214/210 145/215/211 220/216/212
f 220/216/212 145/215/211 146/217/213
f 220/216/212 146/217/213 219/218/214
f 219/218/214 146/217/213 147/219/215
f 219/218/214 147/219/215 218/220/216
f 218/220/216 147/219/215 148/221/217
f 218/220/216 148/221/217 217/222/218
f 217/222/218 148/221/217 149/223/219
f 217/222/218 149/223/219 216/224/220
f 216/224/220 149/223/219 150/225/221
f 216/224/220 150/225/221 215/226/222
f 215/226/222 150/225/221 151/227/223
f 215/226/222 151/227/223 214/228/224
f 214/228/224 151/227/223 152/229/225
f 214/228/224 152/229/225 213/230/226
f 213/230/226 152/229/225 153/231/227
f 213/230/226 153/231/227 212/232/228
f 212/232/228 153/231/227 154/233/229
f 212/232/228 154/233/229 211/234/230
f 211/234/230 154/233/229 155/235/231
f 211/234/230 155/235/231 210/236/232
f 210/236/232 155/235/231 156/237/233
f 210/236/232 156/237/233 209/238/234
f 209/238/234 156/237/233 157/239/235
f 209/238/234 157/239/235 208/240/236
f 208/240/236 157/239/235 158/241/237
f 208/240/236 158/241/237 207/242/238
f 207/242/238 158/241/237 159/243/239
f 207/242/238 159/243/239 206/244/240
f 206/244/240 159/243/239 160/245/241
f 206/244/240 160/245/241 205/246/242
f 205/246/242 160/245/241 161/247/243
f 205/246/242 161/247/243 204/248/244
f 204/248/244 161/247/243 162/249/245
f 204/248/244 162/249/245 203/250/246
f 203/250/246 162/249/245 163/251/247
f 203/250/246 163/251/247 202/252/248
f 202/252/248 163/251/247 164/253/249
f 202/252/248 164/253/249 201/254/250
f 201/254/250 164/253/249 165/255/251
f 201/254/250 165/255/251 200/256/252
f 200/256/252 165/255/251 199/257/253
f 199/257/253 165/255/251 166/258/254
f 199/257/253 166/258/254 198/259/255
f 198/259/255 166/258/254 167/260/256
f 198/259/255 167/260/256 197/261/257
f 197/261/257 167/260/256 168/262/258
f 197/261/257 168/262/258 196/263/259
f 196/263/259 168/262/258 169/264/260
f 196/263/259 169/264/260 195/265/261
f 195/265/261 169/264/260 170/266/262
f 195/265/261 170/266/262 194/267/263
f 194/267/263 170/266/262 171/268/264
f 194/267/263 171/268/264 193/269/265
f 193/269/265 171/268/264 172/270/266
f 193/269/265 172/270/266 192/271/267
f 192/271/267 172/270/266 173/272/268
f 192/271/267 173/272/268 191/273/269
f 191/273/269 173/272/268 174/274/270
f 191/273/269 174/274/270 190/275/271
f 190/275/271 174/274/270 175/276/272
f 190/275/271 175/276/272 189/277/273
f 189/277/273 175/276/272 176/278/274
f 189/277/273 176/278/274 188/279/275
f 188/279/275 176/278/274 177/280/276
f 188/279/275 177/280/276 187/281/277
f 187/281/277 177/280/276 178/282/278
f 187/281/277 178/282/278 186/283/279
f 186/283/279 178/282/278 179/284/280
f 186/283/279 179/284/280 185/285/281
f 185/285/281 179/284/280 180/286/282
f 185/285/281 180/286/282 184/287/283
f 184/287/283 180/286/282 181/288/284
f 184/287/283 181/288/284 183/289/285
f 183/289/285 181/288/284 182/290/286
f 183/289/285 182/290/286 124/291/75
f 124/291/75 182/290/286 25/292/73
f 183/293/287 124/294/288 269/295/289
f 269/295/289 124/294/288 123/296/290
f 269/295/289 123/296/290 122/297/291
f 269/295/289 122/297/291 268/298/292
f 268/298/292 122/297/291 121/299/293
f 268/298/292 121/299/293 120/300/294
f 120/300/294 119/301/295 268/298/292
f 268/298/292 119/301/295 118/302/296
f 268/298/292 118/302/296 117/303/297
f 117/303/297 116/304/298 268/298/292
f 268/298/292 116/304/298 115/305/299
f 268/298/292 115/305/299 114/306/300
f 114/306/300 113/307/301 268/298/292
f 268/298/292 113/307/301 112/308/302
f 268/298/292 112/308/302 111/309/303
f 111/309/303 110/310/304 268/298/292
f 268/298/292 110/310/304 267/311/305
f 267/311/305 110/310/304 266/312/306
f 266/312/306 110/310/304 265/313/307
f 265/313/307 110/310/304 264/314/308
f 264/314/308 110/310/304 263/315/309
f 263/315/309 110/310/304 262/316/310
f 262/316/310 110/310/304 261/317/311
f 261/317/311 110/310/304 260/318/312
f 260/318/312 110/310/304 259/319/313
f 259/319/313 110/310/304 258/320/314
f 258/320/314 110/310/304 257/321/315
f 257/321/315 110/310/304 256/322/316
f 256/322/316 110/310/304 255/323/317
f 255/323/317 110/310/304 254/324/318
f 254/324/318 110/310/304 253/325/319
f 253/325/319 110/310/304 252/326/320
f 252/326/320 110/310/304 109/327/321
f 252/326/320 109/327/321 251/328/322
f 251/328/322 109/327/321 250/329/323
f 250/329/323 109/327/321 108/330/324
f 250/329/323 108/330/324 249/331/325
f 249/331/325 108/330/324 107/332/326
f 249/331/325 107/332/326 248/333/327
f 248/333/327 107/332/326 106/334/328
f 248/333/327 106/334/328 247/335/329
f 247/335/329 106/334/328 105/336/330
f 247/335/329 105/336/330 246/337/331
f 246/337/331 105/336/330 104/338/332
f 246/337/331 104/338/332 103/339/333
f 246/337/331 103/339/333 245/340/334
f 245/340/334 103/339/333 102/341/335
f 245/340/334 102/341/335 244/342/336
f 244/342/336 102/341/335 101/343/337
f 244/342/336 101/343/337 243/344/338
f 243/344/338 101/343/337 100/345/339
f 243/344/338 100/345/339 242/346/340
f 242/346/340 100/345/339 99/347/341
f 242/346/340 99/347/341 241/348/342
f 241/348/342 99/347/341 98/349/343
f 241/348/342 98/349/343 240/350/344
f 240/350/344 98/349/343 239/351/345
f 239/351/345 98/349/343 97/352/346
f 239/351/345 97/352/346 238/353/347
f 238/353/347 97/352/346 237/354/348
f 237/354/348 97/352/346 236/355/349
f 236/355/349 97/352/346 235/356/350
f 235/356/350 97/352/346 96/357/351
f 235/356/350 96/357/351 234/358/352
f 234/358/352 96/357/351 233/359/353
f 233/359/353 96/357/351 232/360/354
f 232/360/354 96/357/351 231/361/355
f 231/361/355 96/357/351 335/362/356
f 335/362/356 96/357/351 95/363/357
f 335/362/356 95/363/357 334/364/358
f 334/364/358 95/363/357 333/365/359
f 333/365/359 95/363/357 332/366/360
f 332/366/360 95/363/357 331/367/361
f 331/367/361 95/363/357 94/368/362
f 331/367/361 94/368/362 93/369/363
f 93/369/363 92/370/364 331/367/361
f 331/367/361 92/370/364 91/371/365
f 331/367/361 91/371/365 90/372/366
f 90/372/366 89/373/367 331/367/361
f 331/367/361 89/373/367 88/374/368
f 331/367/361 88/374/368 87/375/369
f 87/375/369 86/376/370 331/367/361
f 331/367/361 86/376/370 85/377/371
f 331/367/361 85/377/371 84/378/372
f 84/378/372 83/379/373 331/367/361
f 331/367/361 83/379/373 82/380/374
f 331/367/361 82/380/374 81/381/375
f 81/381/375 80/382/376 331/367/361
f 331/367/361 80/382/376 79/383/377
f 331/367/361 79/383/377 78/384/378
f 78/384/378 77/385/379 331/367/361
f 331/367/361 77/385/379 76/386/380
f 331/367/361 76/386/380 75/387/381
f 75/387/381 126/388/382 331/367/361
f 331/367/361 126/388/382 330/389/383
f 330/389/383 126/388/382 329/390/384
f 329/390/384 126/388/382 328/391/385
f 328/391/385 126/388/382 128/392/386
f 328/391/385 128/392/386 327/393/387
f 327/393/387 128/392/386 326/394/388
f 326/394/388 128/392/386 325/395/389
f 325/395/389 128/392/386 324/396/390
f 324/396/390 128/392/386 323/397/391
f 323/397/391 128/392/386 322/398/392
f 322/398/392 128/392/386 130/399/393
f 322/398/392 130/399/393 321/400/394
f 321/400/394 130/399/393 320/401/395
f 320/401/395 130/399/393 319/402/396
f 319/402/396 130/399/393 318/403/397
f 318/403/397 130/399/393 317/404/398
f 317/404/398 130/399/393 316/405/399
f 316/405/399 130/399/393 315/406/400
f 315/406/400 130/399/393 132/407/401
f 315/406/400 132/407/401 314/408/402
f 314/408/402 132/407/401 313/409/403
f 313/409/403 132/407/401 312/410/404
f 312/410/404 132/407/401 134/411/405
f 312/410/404 134/411/405 230/412/406
f 230/412/406 229/413/407 312/410/404
f 312/410/404 229/413/407 228/414/408
f 312/410/404 228/414/408 227/415/409
f 227/415/409 226/416/410 312/410/404
f 312/410/404 226/416/410 225/417/411
f 312/410/404 225/417/411 224/418/412
f 224/418/412 223/419/413 312/410/404
f 312/410/404 223/419/413 222/420/414
f 312/410/404 222/420/414 221/421/415
f 221/421/415 220/422/416 312/410/404
f 312/410/404 220/422/416 219/423/417
f 312/410/404 219/423/417 218/424/418
f 218/424/418 217/425/419 312/410/404
f 312/410/404 217/425/419 216/426/420
f 312/410/404 216/426/420 215/427/421
f 215/427/421 214/428/422 312/410/404
f 312/410/404 214/428/422 213/429/423
f 312/410/404 213/429/423 212/430/424
f 212/430/424 211/431/425 312/410/404
f 312/410/404 211/431/425 311/432/426
f 311/432/426 211/431/425 310/433/427
f 310/433/427 211/431/425 309/434/428
f 309/434/428 211/431/425 308/435/429
f 308/435/429 211/431/425 307/436/430
f 307/436/430 211/431/425 306/437/431
f 306/437/431 211/431/425 305/438/432
f 305/438/432 211/431/425 304/439/433
f 304/439/433 211/431/425 303/440/434
f 303/440/434 211/431/425 302/441/435
f 302/441/435 211/431/425 301/442/436
f 301/442/436 211/431/425 300/443/437
f 300/443/437 211/431/425 299/444/438
f 299/444/438 211/431/425 298/445/439
f 298/445/439 211/431/425 297/446/440
f 297/446/440 211/431/425 296/447/441
f 296/447/441 211/431/425 295/448/442
f 295/448/442 211/431/425 294/449/443
f 294/449/443 211/431/425 293/450/444
f 293/450/444 211/431/425 292/451/445
f 292/451/445 211/431/425 291/452/446
f 291/452/446 211/431/425 290/453/447
f 290/453/447 211/431/425 289/454/448
f 289/454/448 211/431/425 288/455/449
f 288/455/449 211/431/425 287/456/450
f 287/456/450 211/431/425 286/457/451
f 286/457/451 211/431/425 285/458/452
f 285/458/452 211/431/425 284/459/453
f 284/459/453 211/431/425 283/460/454
f 283/460/454 211/431/425 282/461/455
f 282/461/455 211/431/425 281/462/456
f 281/462/456 211/431/425 280/463/457
f 280/463/457 211/431/425 279/464/458
f 279/464/458 211/431/425 278/465/459
f 278/465/459 211/431/425 277/466/460
f 277/466/460 211/431/425 276/467/461
f 276/467/461 211/431/425 210/468/462
f 276/467/461 210/468/462 275/469/463
f 275/469/463 210/468/462 209/470/464
f 275/469/463 209/470/464 274/471/465
f 274/471/465 209/470/464 208/472/466
f 274/471/465 208/472/466 273/473/467
f 273/473/467 208/472/466 207/474/468
f 273/473/467 207/474/468 206/475/469
f 273/473/467 206/475/469 272/476/470
f 272/476/470 206/475/469 205/477/471
f 272/476/470 205/477/471 204/478/472
f 272/476/470 204/478/472 271/479/473
f 271/479/473 204/478/472 203/480/474
f 271/479/473 203/480/474 202/481/475
f 202/481/475 201/482/476 271/479/473
f 271/479/473 201/482/476 200/483/477
f 271/479/473 200/483/477 199/484/478
f 271/479/473 199/484/478 270/485/479
f 270/485/479 199/484/478 198/486/480
f 270/485/479 198/486/480 197/487/481
f 197/487/481 196/488/482 270/485/479
f 270/485/479 196/488/482 195/489/483
f 270/485/479 195/489/483 194/490/484
f 194/490/484 193/491/485 270/485/479
f 270/485/479 193/491/485 192/492/486
f 270/485/479 192/492/486 191/493/487
f 191/493/487 190/494/488 270/485/479
f 270/485/479 190/494/488 189/495/489
f 270/485/479 189/495/489 188/496/490
f 188/496/490 187/497/491 270/485/479
f 270/485/479 187/497/491 186/498/492
f 270/485/479 186/498/492 185/499/493
f 185/499/493 184/500/494 270/485/479
f 270/485/479 184/500/494 269/295/289
f 269/295/289 184/500/494 183/293/287
f 125/501/495 74/502/496 127/503/497
f 127/503/497 74/502/496 73/504/498
f 127/503/497 73/504/498 72/505/499
f 72/505/499 71/506/500 127/503/497
f 127/503/497 71/506/500 70/507/501
f 127/503/497 70/507/501 69/508/502
f 69/508/502 68/509/503 127/503/497
f 127/503/497 68/509/503 67/510/504
f 127/503/497 67/510/504 66/511/505
f 66/511/505 65/512/506 127/503/497
f 127/503/497 65/512/506 64/513/507
f 127/503/497 64/513/507 63/514/508
f 63/514/508 62/515/509 127/503/497
f 127/503/497 62/515/509 61/516/510
f 127/503/497 61/516/510 60/517/511
f 60/517/511 59/518/512 127/503/497
f 127/503/497 59/518/512 58/519/513
f 127/503/497 58/519/513 57/520/514
f 57/520/514 56/521/515 127/503/497
f 127/503/497 56/521/515 55/522/516
f 127/503/497 55/522/516 54/523/517
f 53/524/518 413/525/519 54/523/517
f 54/523/517 413/525/519 414/526/520
f 54/523/517 414/526/520 415/527/521
f 52/528/522 408/529/523 53/524/518
f 53/524/518 408/529/523 409/530/524
f 53/524/518 409/530/524 410/531/525
f 51/532/526 404/533/527 52/528/522
f 52/528/522 404/533/527 405/534/528
f 52/528/522 405/534/528 406/535/529
f 50/536/530 402/537/531 51/532/526
f 51/532/526 402/537/531 403/538/532
f 51/532/526 403/538/532 404/533/527
f 402/537/531 50/536/530 401/539/533
f 401/539/533 50/536/530 49/540/534
f 401/539/533 49/540/534 400/541/535
f 400/541/535 49/540/534 399/542/536
f 399/542/536 49/540/534 398/543/537
f 398/543/537 49/540/534 397/544/538
f 397/544/538 49/540/534 396/545/539
f 396/545/539 49/540/534 395/546/540
f 395/546/540 49/540/534 394/547/541
f 394/547/541 49/540/534 393/548/542
f 393/548/542 49/540/534 392/549/543
f 392/549/543 49/540/534 391/550/544
f 391/550/544 49/540/534 390/551/545
f 390/551/545 49/540/534 389/552/546
f 389/552/546 49/540/534 388/553/547
f 388/553/547 49/540/534 387/554/548
f 387/554/548 49/540/534 386/555/549
f 386/555/549 49/540/534 385/556/550
f 385/556/550 49/540/534 384/557/551
f 384/557/551 49/540/534 48/558/552
f 384/557/551 48/558/552 383/559/553
f 383/559/553 48/558/552 382/560/554
f 382/560/554 48/558/552 381/561/555
f 381/561/555 48/558/552 380/562/556
f 380/562/556 48/558/552 379/563/557
f 379/563/557 48/558/552 378/564/558
f 378/564/558 48/558/552 377/565/559
f 377/565/559 48/558/552 47/566/560
f 377/565/559 47/566/560 376/567/561
f 376/567/561 47/566/560 46/568/562
f 376/567/561 46/568/562 45/569/563
f 45/569/563 44/570/564 376/567/561
f 376/567/561 44/570/564 43/571/565
f 376/567/561 43/571/565 42/572/566
f 376/567/561 42/572/566 375/573/567
f 375/573/567 42/572/566 41/574/568
f 375/573/567 41/574/568 40/575/569
f 40/575/569 39/576/570 375/573/567
f 375/573/567 39/576/570 38/577/571
f 375/573/567 38/577/571 37/578/572
f 37/578/572 36/579/573 375/573/567
f 375/573/567 36/579/573 35/580/574
f 375/573/567 35/580/574 34/581/575
f 34/581/575 33/582/576 375/573/567
f 375/573/567 33/582/576 32/583/577
f 375/573/567 32/583/577 31/584/578
f 31/584/578 30/585/579 375/573/567
f 375/573/567 30/585/579 29/586/580
f 375/573/567 29/586/580 28/587/581
f 28/587/581 27/588/582 375/573/567
f 375/573/567 27/588/582 374/589/583
f 374/589/583 27/588/582 26/590/584
f 374/589/583 26/590/584 25/591/585
f 25/591/585 182/592/586 374/589/583
f 374/589/583 182/592/586 181/593/587
f 374/589/583 181/593/587 373/594/588
f 373/594/588 181/593/587 180/595/589
f 373/594/588 180/595/589 179/596/590
f 179/596/590 178/597/591 373/594/588
f 373/594/588 178/597/591 177/598/592
f 373/594/588 177/598/592 176/599/593
f 176/599/593 175/600/594 373/594/588
f 373/594/588 175/600/594 174/601/595
f 373/594/588 174/601/595 173/602/596
f 173/602/596 172/603/597 373/594/588
f 373/594/588 172/603/597 171/604/598
f 373/594/588 171/604/598 170/605/599
f 170/605/599 169/606/600 373/594/588
f 373/594/588 169/606/600 168/607/601
f 373/594/588 168/607/601 167/608/602
f 167/608/602 166/609/603 373/594/588
f 373/594/588 166/609/603 372/610/604
f 372/610/604 166/609/603 165/611/605
f 372/610/604 165/611/605 164/612/606
f 164/612/606 163/613/607 372/610/604
f 372/610/604 163/613/607 162/614/608
f 372/610/604 162/614/608 161/615/609
f 372/610/604 161/615/609 371/616/610
f 371/616/610 161/615/609 160/617/611
f 371/616/610 160/617/611 159/618/612
f 371/616/610 159/618/612 370/619/613
f 370/619/613 159/618/612 158/620/614
f 370/619/613 158/620/614 157/621/615
f 370/619/613 157/621/615 369/622/616
f 369/622/616 157/621/615 156/623/617
f 369/622/616 156/623/617 368/624/618
f 368/624/618 156/623/617 155/625/619
f 368/624/618 155/625/619 367/626/620
f 367/626/620 155/625/619 154/627/621
f 367/626/620 154/627/621 366/628/622
f 366/628/622 154/627/621 365/629/623
f 365/629/623 154/627/621 364/630/624
f 364/630/624 154/627/621 363/631/625
f 363/631/625 154/627/621 362/632/626
f 362/632/626 154/627/621 361/633/627
f 361/633/627 154/627/621 360/634/628
f 360/634/628 154/627/621 359/635/629
f 359/635/629 154/627/621 358/636/630
f 358/636/630 154/627/621 357/637/631
f 357/637/631 154/627/621 356/638/632
f 356/638/632 154/627/621 355/639/633
f 355/639/633 154/627/621 354/640/634
f 354/640/634 154/627/621 353/641/635
f 353/641/635 154/627/621 352/642/636
f 352/642/636 154/627/621 351/643/637
f 351/643/637 154/627/621 350/644/638
f 350/644/638 154/627/621 349/645/639
f 349/645/639 154/627/621 348/646/640
f 348/646/640 154/627/621 347/647/641
f 347/647/641 154/627/621 346/648/642
f 346/648/642 154/627/621 345/649/643
f 345/649/643 154/627/621 344/650/644
f 344/650/644 154/627/621 343/651/645
f 343/651/645 154/627/621 342/652/646
f 342/652/646 154/627/621 341/653/647
f 341/653/647 154/627/621 340/654/648
f 340/654/648 154/627/621 339/655/649
f 339/655/649 154/627/621 338/656/650
f 338/656/650 154/627/621 337/657/651
f 337/657/651 154/627/621 336/658/652
f 336/658/652 154/627/621 440/659/653
f 440/659/653 154/627/621 439/660/654
f 439/660/654 154/627/621 438/661/655
f 438/661/655 154/627/621 437/662/656
f 437/662/656 154/627/621 436/663/657
f 436/663/657 154/627/621 153/664/658
f 436/663/657 153/664/658 435/665/659
f 435/665/659 153/664/658 152/666/660
f 435/665/659 152/666/660 434/667/661
f 434/667/661 152/666/660 151/668/662
f 434/667/661 151/668/662 150/669/663
f 434/667/661 150/669/663 433/670/664
f 433/670/664 150/669/663 149/671/665
f 433/670/664 149/671/665 148/672/666
f 433/670/664 148/672/666 432/673/667
f 432/673/667 148/672/666 147/674/668
f 432/673/667 147/674/668 146/675/669
f 432/673/667 146/675/669 431/676/670
f 431/676/670 146/675/669 145/677/671
f 431/676/670 145/677/671 144/678/672
f 144/678/672 143/679/673 431/676/670
f 431/676/670 143/679/673 430/680/674
f 430/680/674 143/679/673 142/681/675
f 430/680/674 142/681/675 141/682/676
f 141/682/676 140/683/677 430/680/674
f 430/680/674 140/683/677 139/684/678
f 430/680/674 139/684/678 138/685/679
f 138/685/679 137/686/680 430/680/674
f 430/680/674 137/686/680 429/687/681
f 429/687/681 137/686/680 136/688/682
f 429/687/681 136/688/682 135/689/683
f 135/689/683 133/690/684 429/687/681
f 429/687/681 133/690/684 129/691/685
f 429/687/681 129/691/685 428/692/686
f 428/692/686 129/691/685 427/693/687
f 427/693/687 129/691/685 127/503/497
f 427/693/687 127/503/497 426/694/688
f 426/694/688 127/503/497 425/695/689
f 425/695/689 127/503/497 424/696/690
f 424/696/690 127/503/497 423/697/691
f 423/697/691 127/503/497 422/698/692
f 422/698/692 127/503/497 421/699/693
f 421/699/693 127/503/497 420/700/694
f 420/700/694 127/503/497 419/701/695
f 419/701/695 127/503/497 418/702/696
f 418/702/696 127/503/497 417/703/697
f 417/703/697 127/503/497 54/523/517
f 417/703/697 54/523/517 416/704/698
f 416/704/698 54/523/517 415/527/521
f 133/690/684 131/705/699 129/691/685
f 406/535/529 407/706/700 52/528/522
f 52/528/522 407/706/700 408/529/523
f 410/531/525 411/707/701 53/524/518
f 53/524/518 411/707/701 412/708/702
f 53/524/518 412/708/702 413/525/519
f 269/709/703 374/710/704 270/711/705
f 270/711/705 374/710/704 373/712/706
f 270/711/705 373/712/706 271/713/707
f 271/713/707 373/712/706 372/714/708
f 271/713/707 372/714/708 272/715/709
f 272/715/709 372/714/708 371/716/710
f 272/715/709 371/716/710 273/717/711
f 273/717/711 371/716/710 370/718/712
f 273/717/711 370/718/712 274/719/713
f 274/719/713 370/718/712 369/720/714
f 274/719/713 369/720/714 275/721/715
f 275/721/715 369/720/714 368/722/716
f 275/721/715 368/722/716 276/723/717
f 276/723/717 368/722/716 367/724/718
f 276/723/717 367/724/718 277/725/719
f 277/725/719 367/724/718 366/726/720
f 277/725/719 366/726/720 278/727/721
f 278/727/721 366/726/720 365/728/722
f 278/727/721 365/728/722 279/729/723
f 279/729/723 365/728/722 364/730/724
f 279/729/723 364/730/724 280/731/725
f 280/731/725 364/730/724 363/732/726
f 280/731/725 363/732/726 281/733/727
f 281/733/727 363/732/726 362/734/728
f 281/733/727 362/734/728 282/735/729
f 282/735/729 362/734/728 361/736/730
f 282/735/729 361/736/730 283/737/731
f 283/737/731 361/736/730 360/738/732
f 283/737/731 360/738/732 284/739/733
f 284/739/733 360/738/732 359/740/734
f 284/739/733 359/740/734 285/741/735
f 285/741/735 359/740/734 358/742/736
f 285/741/735 358/742/736 286/743/737
f 286/743/737 358/742/736 357/744/738
f 286/743/737 357/744/738 287/745/739
f 287/745/739 357/744/738 356/746/740
f 287/745/739 356/746/740 288/747/741
f 288/747/741 356/746/740 355/748/742
f 288/747/741 355/748/742 289/749/743
f 289/749/743 355/748/742 354/750/744
f 289/749/743 354/750/744 290/751/745
f 290/751/745 354/750/744 353/752/746
f 290/751/745 353/752/746 291/753/747
f 291/753/747 353/752/746 352/754/748
f 291/753/747 352/754/748 292/755/749
f 292/755/749 352/754/748 351/756/750
f 292/755/749 351/756/750 293/757/751
f 293/757/751 351/756/750 350/758/752
f 293/757/751 350/758/752 349/759/753
f 293/757/751 349/759/753 294/760/754
f 294/760/754 349/759/753 348/761/755
f 294/760/754 348/761/755 295/762/756
f 295/762/756 348/761/755 347/763/757
f 295/762/756 347/763/757 296/764/758
f 296/764/758 347/763/757 346/765/759
f 296/764/758 346/765/759 297/766/760
f 297/766/760 346/765/759 345/767/761
f 297/766/760 345/767/761 298/768/762
f 298/768/762 345/767/761 344/769/763
f 298/768/762 344/769/763 299/770/764
f 299/770/764 344/769/763 343/771/765
f 299/770/764 343/771/765 300/772/766
f 300/772/766 343/771/765 342/773/767
f 300/772/766 342/773/767 301/774/768
f 301/774/768 342/773/767 341/775/769
f 301/774/768 341/775/769 302/776/770
f 302/776/770 341/775/769 340/777/771
f 302/776/770 340/777/771 303/778/772
f 303/778/772 340/777/771 339/779/773
f 303/778/772 339/779/773 304/780/774
f 304/780/774 339/779/773 338/781/775
f 304/780/774 338/781/775 305/782/776
f 305/782/776 338/781/775 337/783/777
f 305/782/776 337/783/777 306/784/778
f 306/784/778 337/783/777 336/785/779
f 306/784/778 336/785/779 307/786/780
f 231/787/781 412/788/782 232/789/783
f 232/789/783 412/788/782 411/790/784
f 232/789/783 411/790/784 233/791/785
f 233/791/785 411/790/784 410/792/786
f 233/791/785 410/792/786 234/793/787
f 234/793/787 410/792/786 409/794/788
f 234/793/787 409/794/788 235/795/789
f 235/795/789 409/794/788 408/796/790
f 235/795/789 408/796/790 236/797/791
f 236/797/791 408/796/790 407/798/792
f 236/797/791 407/798/792 237/799/793
f 237/799/793 407/798/792 406/800/794
f 237/799/793 406/800/794 238/801/795
f 238/801/795 406/800/794 405/802/796
f 238/801/795 405/802/796 239/803/797
f 239/803/797 405/802/796 404/804/798
f 239/803/797 404/804/798 240/805/799
f 240/805/799 404/804/798 403/806/800
f 240/805/799 403/806/800 241/807/801
f 241/807/801 403/806/800 402/808/802
f 241/807/801 402/808/802 242/809/803
f 242/809/803 402/808/802 401/810/804
f 242/809/803 401/810/804 243/811/805
f 243/811/805 401/810/804 400/812/806
f 243/811/805 400/812/806 244/813/807
f 244/813/807 400/812/806 399/814/808
f 244/813/807 399/814/808 245/815/809
f 245/815/809 399/814/808 398/816/810
f 245/815/809 398/816/810 397/817/811
f 245/815/809 397/817/811 246/818/812
f 246/818/812 397/817/811 396/819/813
f 246/818/812 396/819/813 247/820/814
f 247/820/814 396/819/813 395/821/815
f 247/820/814 395/821/815 248/822/816
f 248/822/816 395/821/815 394/823/817
f 248/822/816 394/823/817 249/824/818
f 249/824/818 394/823/817 393/825/819
f 249/824/818 393/825/819 250/826/820
f 250/826/820 393/825/819 392/827/821
f 250/826/820 392/827/821 251/828/822
f 251/828/822 392/827/821 391/829/823
f 251/828/822 391/829/823 252/830/824
f 252/830/824 391/829/823 390/831/825
f 252/830/824 390/831/825 253/832/826
f 253/832/826 390/831/825 389/833/827
f 253/832/826 389/833/827 254/834/828
f 254/834/828 389/833/827 388/835/829
f 254/834/828 388/835/829 255/836/830
f 255/836/830 388/835/829 387/837/831
f 255/836/830 387/837/831 256/838/832
f 256/838/832 387/837/831 386/839/833
f 256/838/832 386/839/833 257/840/834
f 257/840/834 386/839/833 385/841/835
f 257/840/834 385/841/835 258/842/836
f 258/842/836 385/841/835 384/843/837
f 258/842/836 384/843/837 259/844/838
f 259/844/838 384/843/837 383/845/839
f 259/844/838 383/845/839 260/846/840
f 260/846/840 383/845/839 382/847/841
f 260/846/840 382/847/841 261/848/842
f 261/848/842 382/847/841 381/849/843
f 261/848/842 381/849/843 262/850/844
f 262/850/844 381/849/843 380/851/845
f 262/850/844 380/851/845 263/852/846
f 263/852/846 380/851/845 379/853/847
f 263/852/846 379/853/847 264/854/848
f 264/854/848 379/853/847 378/855/849
f 264/854/848 378/855/849 265/856/850
f 265/856/850 378/855/849 377/857/851
f 265/856/850 377/857/851 266/858/852
f 266/858/852 377/857/851 376/859/853
f 266/858/852 376/859/853 267/860/854
f 267/860/854 376/859/853 375/861/855
f 267/860/854 375/861/855 268/862/856
f 268/862/856 375/861/855 374/863/704
f 268/862/856 374/863/704 269/864/703
f 412/865/782 231/866/781 413/867/857
f 413/867/857 231/866/781 335/868/858
f 413/867/857 335/868/858 334/869/859
f 333/870/860 415/871/861 334/869/859
f 334/869/859 415/871/861 414/872/862
f 334/869/859 414/872/862 413/867/857
f 426/873/863 322/874/864 427/875/865
f 427/875/865 322/874/864 321/876/866
f 307/877/780 336/878/779 308/879/867
f 308/879/867 336/878/779 440/880/868
f 308/879/867 440/880/868 439/881/869
f 438/882/870 310/883/871 439/881/869
f 439/881/869 310/883/871 309/884/872
f 439/881/869 309/884/872 308/879/867
f 415/885/861 333/886/860 416/887/873
f 416/887/873 333/886/860 332/888/874
f 416/887/873 332/888/874 417/889/875
f 417/889/875 332/888/874 331/890/876
f 417/889/875 331/890/876 418/891/877
f 418/891/877 331/890/876 330/892/878
f 418/891/877 330/892/878 419/893/879
f 419/893/879 330/892/878 329/894/880
f 419/893/879 329/894/880 420/895/881
f 420/895/881 329/894/880 328/896/882
f 420/895/881 328/896/882 421/897/883
f 421/897/883 328/896/882 327/898/884
f 421/897/883 327/898/884 422/899/885
f 422/899/885 327/898/884 326/900/886
f 422/899/885 326/900/886 423/901/887
f 423/901/887 326/900/886 325/902/888
f 423/901/887 325/902/888 424/903/889
f 424/903/889 325/902/888 324/904/890
f 424/903/889 324/904/890 425/905/891
f 425/905/891 324/904/890 323/906/892
f 425/905/891 323/906/892 426/907/863
f 426/907/863 323/906/892 322/908/864
f 427/909/865 321/910/866 428/911/893
f 428/911/893 321/910/866 320/912/894
f 428/911/893 320/912/894 429/913/895
f 429/913/895 320/912/894 319/914/896
f 429/913/895 319/914/896 430/915/897
f 430/915/897 319/914/896 318/916/898
f 430/915/897 318/916/898 431/917/899
f 431/917/899 318/916/898 317/918/900
f 431/917/899 317/918/900 432/919/901
f 432/919/901 317/918/900 316/920/902
f 432/919/901 316/920/902 433/921/903
f 433/921/903 316/920/902 315/922/904
f 433/921/903 315/922/904 434/923/905
f 434/923/905 315/922/904 314/924/906
f 434/923/905 314/924/906 435/925/907
f 435/925/907 314/924/906 313/926/908
f 435/925/907 313/926/908 436/927/909
f 436/927/909 313/926/908 312/928/910
f 436/927/909 312/928/910 437/929/911
f 437/929/911 312/928/910 311/930/912
f 437/929/911 311/930/912 438/931/870
f 438/931/870 311/930/912 310/932/871
g Solid1:4

v -0.143000 0.000000 0.031000
v -0.143000 0.002168 0.030994
v -0.143000 0.004289 0.030975
v -0.143000 0.006363 0.030942
v -0.143000 0.008391 0.030895
v -0.143000 0.010375 0.030834
v -0.143000 0.012315 0.030758
v -0.143000 0.014214 0.030666
v -0.143000 0.016071 0.030558
v -0.143000 0.017888 0.030433
v -0.143000 0.019666 0.030291
v -0.143000 0.021407 0.030131
v -0.143000 0.023111 0.029953
v -0.143000 0.024779 0.029756
v -0.143000 0.026412 0.029540
v -0.143000 0.028013 0.029303
v -0.143000 0.029581 0.029047
v -0.143000 0.031118 0.028769
v -0.143000 0.032624 0.028469
v -0.143000 0.034102 0.028148
v -0.143000 0.035552 0.027805
v -0.143000 0.036974 0.027443
v -0.143000 0.038370 0.027061
v -0.143000 0.039740 0.026663
v -0.143000 0.041085 0.026248
v -0.143000 0.042405 0.025818
v -0.143000 0.043702 0.025374
v -0.143000 0.046228 0.024451
v -0.143000 0.048669 0.023489
v -0.143000 0.051031 0.022498
v -0.143000 0.053320 0.021487
v -0.143000 0.055541 0.020469
v -0.143000 0.057702 0.019451
v -0.143000 0.059808 0.018446
v -0.143000 0.061865 0.017462
v -0.143000 0.063879 0.016510
v -0.143000 0.065856 0.015601
v -0.143000 0.067803 0.014744
v -0.143000 0.069725 0.013950
v -0.143000 0.071629 0.013228
v -0.143000 0.073520 0.012590
v -0.143000 0.075405 0.012045
v -0.143000 0.076346 0.011810
v -0.143000 0.077289 0.011603
v -0.143000 0.078233 0.011424
v -0.143000 0.079179 0.011275
v -0.143000 0.080128 0.011156
v -0.143000 0.081081 0.011070
v -0.143000 0.082038 0.011018
v -0.143000 0.083000 0.011000
v -0.155000 0.083000 0.011000
v -0.155000 0.082038 0.011018
v -0.155000 0.081081 0.011070
v -0.155000 0.080128 0.011156
v -0.155000 0.079179 0.011275
v -0.155000 0.078233 0.011424
v -0.155000 0.077289 0.011603
v -0.155000 0.076346 0.011810
v -0.155000 0.075405 0.012045
v -0.155000 0.073520 0.012590
v -0.155000 0.071629 0.013228
v -0.155000 0.069725 0.013950
v -0.155000 0.067803 0.014744
v -0.155000 0.065856 0.015601
v -0.155000 0.063879 0.016510
v -0.155000 0.061865 0.017462
v -0.155000 0.059808 0.018446
v -0.155000 0.057702 0.019451
v -0.155000 0.055541 0.020469
v -0.155000 0.053319 0.021488
v -0.155000 0.051031 0.022498
v -0.155000 0.048669 0.023489
v -0.155000 0.046228 0.024451
v -0.155000 0.043702 0.025374
v -0.155000 0.042405 0.025818
v -0.155000 0.041085 0.026248
v -0.155000 0.039740 0.026663
v -0.155000 0.038370 0.027061
v -0.155000 0.036974 0.027443
v -0.155000 0.035552 0.027805
v -0.155000 0.034102 0.028148
v -0.155000 0.032624 0.028469
v -0.155000 0.031118 0.028769
v -0.155000 0.029581 0.029047
v -0.155000 0.028013 0.029303
v -0.155000 0.026413 0.029540
v -0.155000 0.024779 0.029756
v -0.155000 0.023111 0.029953
v -0.155000 0.021407 0.030131
v -0.155000 0.019666 0.030291
v -0.155000 0.017888 0.030433
v -0.155000 0.016071 0.030558
v -0.155000 0.014214 0.030666
v -0.155000 0.012315 0.030758
v -0.155000 0.010375 0.030834
v -0.155000 0.008391 0.030895
v -0.155000 0.006363 0.030942
v -0.155000 0.004289 0.030975
v -0.155000 0.002168 0.030994
v -0.155000 0.000000 0.031000
v -0.143000 0.130000 0.011000
v -0.155000 0.130000 0.011000
v -0.143000 0.130000 -0.019000
v -0.155000 0.130000 -0.019000
v -0.143000 -0.118000 -0.019000
v -0.155000 -0.118000 -0.019000
v -0.143000 -0.118000 0.011000
v -0.155000 -0.118000 0.011000
v -0.143000 -0.083000 0.011000
v -0.155000 -0.083000 0.011000
v -0.143000 -0.082038 0.011018
v -0.143000 -0.081081 0.011070
v -0.143000 -0.080128 0.011156
v -0.143000 -0.079179 0.011275
v -0.143000 -0.078233 0.011424
v -0.143000 -0.077289 0.011603
v -0.143000 -0.076346 0.011810
v -0.143000 -0.075405 0.012045
v -0.143000 -0.073520 0.012590
v -0.143000 -0.071629 0.013228
v -0.143000 -0.069725 0.013950
v -0.143000 -0.067803 0.014744
v -0.143000 -0.065856 0.015601
v -0.143000 -0.063879 0.016510
v -0.143000 -0.061865 0.017462
v -0.143000 -0.059808 0.018446
v -0.143000 -0.057702 0.019451
v -0.143000 -0.055541 0.020469
v -0.143000 -0.053320 0.021487
v -0.143000 -0.051031 0.022498
v -0.143000 -0.048669 0.023489
v -0.143000 -0.046228 0.024451
v -0.143000 -0.043702 0.025374
v -0.143000 -0.042405 0.025818
v -0.143000 -0.041085 0.026248
v -0.143000 -0.039740 0.026663
v -0.143000 -0.038370 0.027061
v -0.143000 -0.036974 0.027443
v -0.143000 -0.035552 0.027805
v -0.143000 -0.034102 0.028148
v -0.143000 -0.032624 0.028469
v -0.143000 -0.031118 0.028769
v -0.143000 -0.029581 0.029047
v -0.143000 -0.028013 0.029303
v -0.143000 -0.026412 0.029540
v -0.143000 -0.024779 0.029756
v -0.143000 -0.023111 0.029953
v -0.143000 -0.021407 0.030131
v -0.143000 -0.019666 0.030291
v -0.143000 -0.017888 0.030433
v -0.143000 -0.016071 0.030558
v -0.143000 -0.014214 0.030666
v -0.143000 -0.012315 0.030758
v -0.143000 -0.010375 0.030834
v -0.143000 -0.008391 0.030895
v -0.143000 -0.006363 0.030942
v -0.143000 -0.004289 0.030975
v -0.143000 -0.002168 0.030994
v -0.155000 -0.002168 0.030994
v -0.155000 -0.004289 0.030975
v -0.155000 -0.006363 0.030942
v -0.155000 -0.008391 0.030895
v -0.155000 -0.010375 0.030834
v -0.155000 -0.012315 0.030758
v -0.155000 -0.014214 0.030666
v -0.155000 -0.016071 0.030558
v -0.155000 -0.017888 0.030433
v -0.155000 -0.019666 0.030291
v -0.155000 -0.021407 0.030131
v -0.155000 -0.023111 0.029953
v -0.155000 -0.024779 0.029756
v -0.155000 -0.026413 0.029540
v -0.155000 -0.028013 0.029303
v -0.155000 -0.029581 0.029047
v -0.155000 -0.031118 0.028769
v -0.155000 -0.032624 0.028469
v -0.155000 -0.034102 0.028148
v -0.155000 -0.035552 0.027805
v -0.155000 -0.036974 0.027443
v -0.155000 -0.038370 0.027061
v -0.155000 -0.039740 0.026663
v -0.155000 -0.041085 0.026248
v -0.155000 -0.042405 0.025818
v -0.155000 -0.043702 0.025374
v -0.155000 -0.046228 0.024451
v -0.155000 -0.048669 0.023489
v -0.155000 -0.051031 0.022498
v -0.155000 -0.053319 0.021488
v -0.155000 -0.055541 0.020469
v -0.155000 -0.057702 0.019451
v -0.155000 -0.059808 0.018446
v -0.155000 -0.061865 0.017462
v -0.155000 -0.063879 0.016510
v -0.155000 -0.065856 0.015601
v -0.155000 -0.067803 0.014744
v -0.155000 -0.069725 0.013950
v -0.155000 -0.071629 0.013228
v -0.155000 -0.073520 0.012590
v -0.155000 -0.075405 0.012045
v -0.155000 -0.076346 0.011810
v -0.155000 -0.077289 0.011603
v -0.155000 -0.078233 0.011424
v -0.155000 -0.079179 0.011275
v -0.155000 -0.080128 0.011156
v -0.155000 -0.081081 0.011070
v -0.155000 -0.082038 0.011018
v -0.155000 0.048392 0.002000
v -0.155000 0.048089 0.002460
v -0.155000 0.047714 0.002914
v -0.155000 0.047273 0.003363
v -0.155000 0.046770 0.003805
v -0.155000 0.046210 0.004242
v -0.155000 0.045596 0.004673
v -0.155000 0.044933 0.005097
v -0.155000 0.044226 0.005514
v -0.155000 0.043479 0.005924
v -0.155000 0.042696 0.006327
v -0.155000 0.041881 0.006722
v -0.155000 0.041040 0.007109
v -0.155000 0.039294 0.007860
v -0.155000 0.037492 0.008577
v -0.155000 0.035669 0.009259
v -0.155000 0.033860 0.009902
v -0.155000 0.032077 0.010508
v -0.155000 0.030322 0.011076
v -0.155000 0.028592 0.011609
v -0.155000 0.026889 0.012106
v -0.155000 0.025210 0.012568
v -0.155000 0.023556 0.012997
v -0.155000 0.021926 0.013393
v -0.155000 0.020320 0.013758
v -0.155000 0.018737 0.014091
v -0.155000 0.017176 0.014394
v -0.155000 0.015637 0.014668
v -0.155000 0.014119 0.014914
v -0.155000 0.012622 0.015132
v -0.155000 0.011146 0.015323
v -0.155000 0.009689 0.015489
v -0.155000 0.008251 0.015630
v -0.155000 0.006833 0.015747
v -0.155000 0.005432 0.015840
v -0.155000 0.004049 0.015911
v -0.155000 0.002683 0.015961
v -0.155000 0.001333 0.015990
v -0.155000 0.000000 0.016000
v -0.155000 -0.001333 0.015990
v -0.155000 -0.002683 0.015961
v -0.155000 -0.004049 0.015911
v -0.155000 -0.005432 0.015840
v -0.155000 -0.006833 0.015747
v -0.155000 -0.008251 0.015630
v -0.155000 -0.009689 0.015489
v -0.155000 -0.011146 0.015323
v -0.155000 -0.012622 0.015132
v -0.155000 -0.014119 0.014914
v -0.155000 -0.015637 0.014668
v -0.155000 -0.017176 0.014394
v -0.155000 -0.018737 0.014091
v -0.155000 -0.020320 0.013758
v -0.155000 -0.021926 0.013393
v -0.155000 -0.023556 0.012997
v -0.155000 -0.025210 0.012568
v -0.155000 -0.026889 0.012106
v -0.155000 -0.028592 0.011609
v -0.155000 -0.030322 0.011076
v -0.155000 -0.032077 0.010508
v -0.155000 -0.033860 0.009902
v -0.155000 -0.035669 0.009259
v -0.155000 -0.037492 0.008577
v -0.155000 -0.039294 0.007860
v -0.155000 -0.041040 0.007109
v -0.155000 -0.041881 0.006722
v -0.155000 -0.042696 0.006327
v -0.155000 -0.043479 0.005924
v -0.155000 -0.044226 0.005514
v -0.155000 -0.044933 0.005097
v -0.155000 -0.045596 0.004673
v -0.155000 -0.046210 0.004242
v -0.155000 -0.046770 0.003805
v -0.155000 -0.047273 0.003363
v -0.155000 -0.047714 0.002914
v -0.155000 -0.048089 0.002460
v -0.155000 -0.048392 0.002000
v -0.155000 -0.048740 0.001353
v -0.155000 -0.049048 0.000685
v -0.155000 -0.049314 -0.000000
v -0.155000 -0.049444 -0.000504
v -0.155000 -0.049485 -0.001023
v -0.155000 -0.049436 -0.001541
v -0.155000 -0.049298 -0.002043
v -0.155000 -0.049076 -0.002513
v -0.155000 -0.048775 -0.002938
v -0.155000 -0.048406 -0.003305
v -0.155000 -0.047979 -0.003602
v -0.155000 -0.047507 -0.003821
v -0.155000 -0.047004 -0.003955
v -0.155000 -0.046485 -0.004000
v -0.155000 0.046485 -0.004000
v -0.155000 0.047004 -0.003955
v -0.155000 0.047507 -0.003821
v -0.155000 0.047979 -0.003602
v -0.155000 0.048406 -0.003305
v -0.155000 0.048775 -0.002938
v -0.155000 0.049076 -0.002513
v -0.155000 0.049298 -0.002043
v -0.155000 0.049436 -0.001541
v -0.155000 0.049485 -0.001023
v -0.155000 0.049444 -0.000504
v -0.155000 0.049314 -0.000000
v -0.155000 0.049048 0.000685
v -0.155000 0.048740 0.001353
v -0.143000 -0.048392 0.002000
v -0.143000 -0.048089 0.002460
v -0.143000 -0.047714 0.002914
v -0.143000 -0.047273 0.003363
v -0.143000 -0.046770 0.003805
v -0.143000 -0.046210 0.004242
v -0.143000 -0.045596 0.004673
v -0.143000 -0.044933 0.005097
v -0.143000 -0.044226 0.005514
v -0.143000 -0.043479 0.005924
v -0.143000 -0.042696 0.006327
v -0.143000 -0.041881 0.006722
v -0.143000 -0.041040 0.007110
v -0.143000 -0.039293 0.007860
v -0.143000 -0.037491 0.008577
v -0.143000 -0.035669 0.009259
v -0.143000 -0.033860 0.009902
v -0.143000 -0.032078 0.010508
v -0.143000 -0.030323 0.011076
v -0.143000 -0.028594 0.011608
v -0.143000 -0.026890 0.012105
v -0.143000 -0.025212 0.012568
v -0.143000 -0.023558 0.012997
v -0.143000 -0.021928 0.013393
v -0.143000 -0.020321 0.013757
v -0.143000 -0.018738 0.014091
v -0.143000 -0.017177 0.014394
v -0.143000 -0.015638 0.014668
v -0.143000 -0.014120 0.014914
v -0.143000 -0.012623 0.015132
v -0.143000 -0.011146 0.015323
v -0.143000 -0.009689 0.015489
v -0.143000 -0.008252 0.015630
v -0.143000 -0.006833 0.015747
v -0.143000 -0.005432 0.015840
v -0.143000 -0.004049 0.015911
v -0.143000 -0.002683 0.015961
v -0.143000 -0.001333 0.015990
v -0.143000 0.000000 0.016000
v -0.143000 0.001333 0.015990
v -0.143000 0.002683 0.015961
v -0.143000 0.004049 0.015911
v -0.143000 0.005432 0.015840
v -0.143000 0.006833 0.015747
v -0.143000 0.008252 0.015630
v -0.143000 0.009689 0.015489
v -0.143000 0.011146 0.015323
v -0.143000 0.012623 0.015132
v -0.143000 0.014120 0.014914
v -0.143000 0.015638 0.014668
v -0.143000 0.017177 0.014394
v -0.143000 0.018738 0.014091
v -0.143000 0.020321 0.013757
v -0.143000 0.021928 0.013393
v -0.143000 0.023558 0.012997
v -0.143000 0.025212 0.012568
v -0.143000 0.026890 0.012105
v -0.143000 0.028594 0.011608
v -0.143000 0.030323 0.011076
v -0.143000 0.032078 0.010508
v -0.143000 0.033860 0.009902
v -0.143000 0.035669 0.009259
v -0.143000 0.037491 0.008577
v -0.143000 0.039293 0.007860
v -0.143000 0.041040 0.007110
v -0.143000 0.041881 0.006722
v -0.143000 0.042696 0.006327
v -0.143000 0.043479 0.005924
v -0.143000 0.044226 0.005514
v -0.143000 0.044933 0.005097
v -0.143000 0.045596 0.004673
v -0.143000 0.046210 0.004242
v -0.143000 0.046770 0.003805
v -0.143000 0.047273 0.003363
v -0.143000 0.047714 0.002914
v -0.143000 0.048089 0.002460
v -0.143000 0.048392 0.002000
v -0.143000 0.048740 0.001353
v -0.143000 0.049048 0.000685
v -0.143000 0.049314 -0.000000
v -0.143000 0.049444 -0.000504
v -0.143000 0.049485 -0.001023
v -0.143000 0.049436 -0.001541
v -0.143000 0.049298 -0.002043
v -0.143000 0.049076 -0.002513
v -0.143000 0.048775 -0.002938
v -0.143000 0.048406 -0.003305
v -0.143000 0.047979 -0.003602
v -0.143000 0.047507 -0.003821
v -0.143000 0.047004 -0.003955
v -0.143000 0.046485 -0.004000
v -0.143000 -0.046485 -0.004000
v -0.143000 -0.047004 -0.003955
v -0.143000 -0.047507 -0.003821
v -0.143000 -0.047979 -0.003602
v -0.143000 -0.048406 -0.003305
v -0.143000 -0.048775 -0.002938
v -0.143000 -0.049076 -0.002513
v -0.143000 -0.049298 -0.002043
v -0.143000 -0.049436 -0.001541
v -0.143000 -0.049485 -0.001023
v -0.143000 -0.049444 -0.000504
v -0.143000 -0.049314 -0.000000
v -0.143000 -0.049048 0.000685
v -0.143000 -0.048740 0.001353
vt 0.318902 0.047244 0.000000
vt 0.313919 0.047244 0.000000
vt 0.318902 0.000000 0.000000
vt 0.313919 0.000000 0.000000
vt 0.308936 0.047244 0.000000
vt 0.308936 0.000000 0.000000
vt 0.303953 0.047244 0.000000
vt 0.303953 0.000000 0.000000
vt 0.298970 0.047244 0.000000
vt 0.298970 0.000000 0.000000
vt 0.293987 0.047244 0.000000
vt 0.293987 0.000000 0.000000
vt 0.289005 0.047244 0.000000
vt 0.289004 0.000000 0.000000
vt 0.284022 0.047244 0.000000
vt 0.284022 0.000000 0.000000
vt 0.279039 0.047244 0.000000
vt 0.279039 0.000000 0.000000
vt 0.274056 0.047244 0.000000
vt 0.274056 0.000000 0.000000
vt 0.269073 0.047244 0.000000
vt 0.269073 0.000000 0.000000
vt 0.264090 0.047244 0.000000
vt 0.264090 0.000000 0.000000
vt 0.259108 0.047244 0.000000
vt 0.259107 0.000000 0.000000
vt 0.254125 0.047244 0.000000
vt 0.254124 0.000000 0.000000
vt 0.249142 0.047244 0.000000
vt 0.249142 0.000000 0.000000
vt 0.244159 0.047244 0.000000
vt 0.244159 0.000000 0.000000
vt 0.239176 0.047244 0.000000
vt 0.239176 0.000000 0.000000
vt 0.234193 0.047244 0.000000
vt 0.234193 0.000000 0.000000
vt 0.229211 0.047244 0.000000
vt 0.229211 0.000000 0.000000
vt 0.224228 0.000000 0.000000
vt 0.224228 0.047244 0.000000
vt 0.219245 0.000000 0.000000
vt 0.219245 0.047244 0.000000
vt 0.214262 0.000000 0.000000
vt 0.214262 0.047244 0.000000
vt 0.209280 0.000000 0.000000
vt 0.209279 0.047244 0.000000
vt 0.204297 0.000000 0.000000
vt 0.204296 0.047244 0.000000
vt 0.199314 0.000000 0.000000
vt 0.199314 0.047244 0.000000
vt 0.194331 0.000000 0.000000
vt 0.194331 0.047244 0.000000
vt 0.189349 0.000000 0.000000
vt 0.189348 0.047244 0.000000
vt 0.179383 0.000000 0.000000
vt 0.179382 0.047244 0.000000
vt 0.169417 0.000000 0.000000
vt 0.169416 0.047244 0.000000
vt 0.159452 0.000000 0.000000
vt 0.159451 0.047244 0.000000
vt 0.149486 0.000000 0.000000
vt 0.149485 0.047244 0.000000
vt 0.139520 0.000000 0.000000
vt 0.139519 0.047244 0.000000
vt 0.129555 0.000000 0.000000
vt 0.129554 0.047244 0.000000
vt 0.119589 0.000000 0.000000
vt 0.119588 0.047244 0.000000
vt 0.109623 0.000000 0.000000
vt 0.109622 0.047244 0.000000
vt 0.099657 0.000000 0.000000
vt 0.099657 0.047244 0.000000
vt 0.089692 0.000000 0.000000
vt 0.089691 0.047244 0.000000
vt 0.079726 0.000000 0.000000
vt 0.079725 0.047244 0.000000
vt 0.069760 0.000000 0.000000
vt 0.069760 0.047244 0.000000
vt 0.059794 0.000000 0.000000
vt 0.059794 0.047244 0.000000
vt 0.049829 0.000000 0.000000
vt 0.049828 0.047244 0.000000
vt 0.039863 0.000000 0.000000
vt 0.039863 0.047244 0.000000
vt 0.034880 0.000000 0.000000
vt 0.034880 0.047244 0.000000
vt 0.029897 0.000000 0.000000
vt 0.029897 0.047244 0.000000
vt 0.024914 0.000000 0.000000
vt 0.024914 0.047244 0.000000
vt 0.019931 0.000000 0.000000
vt 0.019931 0.047244 0.000000
vt 0.014949 0.000000 0.000000
vt 0.014949 0.047244 0.000000
vt 0.009966 0.000000 0.000000
vt 0.009966 0.047244 0.000000
vt 0.004983 0.000000 0.000000
vt 0.004983 0.047244 0.000000
vt 0.000000 0.000000 0.000000
vt 0.000000 0.047244 0.000000
vt -0.047244 -0.185039 0.000000
vt -0.000000 -0.185039 0.000000
vt -0.047244 0.000000 0.000000
vt 0.000000 0.000000 0.000000
vt -0.047244 -0.118110 0.000000
vt 0.000000 -0.118110 0.000000
vt -0.047244 0.000000 0.000000
vt 0.000000 0.000000 0.000000
vt 0.047244 0.000000 0.000000
vt 0.000000 0.000000 0.000000
vt 0.047244 -0.976378 0.000000
vt 0.000000 -0.976378 0.000000
vt 0.047244 0.000000 0.000000
vt 0.000000 0.000000 0.000000
vt 0.047244 -0.118110 0.000000
vt 0.000000 -0.118110 0.000000
vt -0.047244 -0.137795 0.000000
vt -0.000000 -0.137795 0.000000
vt -0.047244 0.000000 0.000000
vt 0.000000 0.000000 0.000000
vt 0.318878 0.047244 0.000000
vt 0.313895 0.047244 0.000000
vt 0.318878 0.000000 0.000000
vt 0.313895 0.000000 0.000000
vt 0.308913 0.047244 0.000000
vt 0.308913 0.000000 0.000000
vt 0.303930 0.047244 0.000000
vt 0.303930 0.000000 0.000000
vt 0.298948 0.047244 0.000000
vt 0.298948 0.000000 0.000000
vt 0.293965 0.047244 0.000000
vt 0.293965 0.000000 0.000000
vt 0.288983 0.047244 0.000000
vt 0.288983 0.000000 0.000000
vt 0.284000 0.047244 0.000000
vt 0.284000 0.000000 0.000000
vt 0.279018 0.047244 0.000000
vt 0.279018 0.000000 0.000000
vt 0.269053 0.047244 0.000000
vt 0.269053 0.000000 0.000000
vt 0.259088 0.047244 0.000000
vt 0.259088 0.000000 0.000000
vt 0.249123 0.047244 0.000000
vt 0.249123 0.000000 0.000000
vt 0.239158 0.047244 0.000000
vt 0.239158 0.000000 0.000000
vt 0.229193 0.047244 0.000000
vt 0.229193 0.000000 0.000000
vt 0.219228 0.047244 0.000000
vt 0.219228 0.000000 0.000000
vt 0.209263 0.047244 0.000000
vt 0.209263 0.000000 0.000000
vt 0.199298 0.047244 0.000000
vt 0.199298 0.000000 0.000000
vt 0.189334 0.047244 0.000000
vt 0.189333 0.000000 0.000000
vt 0.179369 0.047244 0.000000
vt 0.179368 0.000000 0.000000
vt 0.169404 0.047244 0.000000
vt 0.169403 0.000000 0.000000
vt 0.159439 0.047244 0.000000
vt 0.159438 0.000000 0.000000
vt 0.149474 0.047244 0.000000
vt 0.149473 0.000000 0.000000
vt 0.139509 0.047244 0.000000
vt 0.139508 0.000000 0.000000
vt 0.129544 0.047244 0.000000
vt 0.129543 0.000000 0.000000
vt 0.124562 0.047244 0.000000
vt 0.124561 0.000000 0.000000
vt 0.119579 0.047244 0.000000
vt 0.119578 0.000000 0.000000
vt 0.114597 0.047244 0.000000
vt 0.114596 0.000000 0.000000
vt 0.109614 0.047244 0.000000
vt 0.109614 0.000000 0.000000
vt 0.104632 0.047244 0.000000
vt 0.104631 0.000000 0.000000
vt 0.099649 0.047244 0.000000
vt 0.099649 0.000000 0.000000
vt 0.094667 0.047244 0.000000
vt 0.094667 0.000000 0.000000
vt 0.089684 0.047244 0.000000
vt 0.089684 0.000000 0.000000
vt 0.084702 0.000000 0.000000
vt 0.084702 0.047244 0.000000
vt 0.079720 0.000000 0.000000
vt 0.079719 0.047244 0.000000
vt 0.074737 0.000000 0.000000
vt 0.074737 0.047244 0.000000
vt 0.069755 0.000000 0.000000
vt 0.069754 0.047244 0.000000
vt 0.064772 0.000000 0.000000
vt 0.064772 0.047244 0.000000
vt 0.059790 0.000000 0.000000
vt 0.059790 0.047244 0.000000
vt 0.054807 0.000000 0.000000
vt 0.054807 0.047244 0.000000
vt 0.049825 0.000000 0.000000
vt 0.049825 0.047244 0.000000
vt 0.044842 0.000000 0.000000
vt 0.044842 0.047244 0.000000
vt 0.039860 0.000000 0.000000
vt 0.039860 0.047244 0.000000
vt 0.034877 0.000000 0.000000
vt 0.034877 0.047244 0.000000
vt 0.029895 0.000000 0.000000
vt 0.029895 0.047244 0.000000
vt 0.024912 0.000000 0.000000
vt 0.024912 0.047244 0.000000
vt 0.019930 0.000000 0.000000
vt 0.019930 0.047244 0.000000
vt 0.014947 0.000000 0.000000
vt 0.014947 0.047244 0.000000
vt 0.009965 0.000000 0.000000
vt 0.009965 0.047244 0.000000
vt 0.004982 0.000000 0.000000
vt 0.004982 0.047244 0.000000
vt 0.000000 0.000000 0.000000
vt 0.000000 0.047244 0.000000
vt -0.033449 0.209446 0.000000
vt -0.033474 0.200909 0.000000
vt 0.025581 0.200909 0.000000
vt -0.033449 0.192373 0.000000
vt -0.033374 0.184024 0.000000
vt 0.025619 0.195660 0.000000
vt -0.033245 0.175860 0.000000
vt -0.033062 0.167874 0.000000
vt -0.032821 0.160063 0.000000
vt -0.032520 0.152423 0.000000
vt -0.032159 0.144950 0.000000
vt -0.031733 0.137638 0.000000
vt -0.031242 0.130484 0.000000
vt -0.030683 0.123482 0.000000
vt -0.030054 0.116630 0.000000
vt -0.029353 0.109922 0.000000
vt -0.028577 0.103355 0.000000
vt -0.027725 0.096923 0.000000
vt 0.025734 0.190347 0.000000
vt 0.025930 0.184969 0.000000
vt 0.026211 0.179524 0.000000
vt 0.026579 0.174010 0.000000
vt 0.027038 0.168424 0.000000
vt 0.027593 0.162764 0.000000
vt 0.028245 0.157029 0.000000
vt 0.028999 0.151216 0.000000
vt 0.029857 0.145323 0.000000
vt 0.030824 0.139348 0.000000
vt 0.031903 0.133289 0.000000
vt 0.033097 0.127143 0.000000
vt 0.034409 0.120910 0.000000
vt 0.035843 0.114585 0.000000
vt 0.037403 0.108168 0.000000
vt 0.039092 0.101657 0.000000
vt -0.026795 0.090623 0.000000
vt 0.040913 0.095048 0.000000
vt 0.042869 0.088341 0.000000
vt -0.025784 0.084449 0.000000
vt 0.044965 0.081532 0.000000
vt -0.024690 0.078399 0.000000
vt 0.047204 0.074620 0.000000
vt -0.023511 0.072467 0.000000
vt 0.049588 0.067603 0.000000
vt -0.022246 0.066649 0.000000
vt 0.052122 0.060480 0.000000
vt -0.020897 0.060941 0.000000
vt -0.019470 0.055342 0.000000
vt 0.054804 0.053305 0.000000
vt -0.017968 0.049847 0.000000
vt 0.057627 0.046210 0.000000
vt -0.016398 0.044454 0.000000
vt 0.060583 0.039335 0.000000
vt -0.014764 0.039159 0.000000
vt 0.062109 0.036022 0.000000
vt -0.013071 0.033960 0.000000
vt 0.063665 0.032816 0.000000
vt -0.011325 0.028854 0.000000
vt 0.065251 0.029733 0.000000
vt 0.066866 0.026791 0.000000
vt -0.007691 0.018909 0.000000
vt 0.068508 0.024006 0.000000
vt 0.070177 0.021397 0.000000
vt 0.071872 0.018981 0.000000
vt 0.073591 0.016774 0.000000
vt -0.003903 0.009299 0.000000
vt 0.075335 0.014794 0.000000
vt 0.077101 0.013059 0.000000
vt 0.078890 0.011584 0.000000
vt 0.080699 0.010389 0.000000
vt 0.083248 0.009019 0.000000
vt -0.000000 0.000001 0.000000
vt 0.085876 0.007809 0.000000
vt 0.088573 0.006761 0.000000
vt 0.090557 0.006248 0.000000
vt 0.092599 0.006086 0.000000
vt 0.003977 -0.009010 0.000000
vt 0.007988 -0.017757 0.000000
vt 0.011993 -0.026263 0.000000
vt 0.015952 -0.034554 0.000000
vt 0.019825 -0.042652 0.000000
vt 0.023572 -0.050582 0.000000
vt 0.027152 -0.058367 0.000000
vt 0.030526 -0.066032 0.000000
vt 0.033653 -0.073600 0.000000
vt 0.036493 -0.081094 0.000000
vt 0.039007 -0.088539 0.000000
vt 0.041153 -0.095959 0.000000
vt 0.042076 -0.099667 0.000000
vt 0.042892 -0.103378 0.000000
vt 0.043597 -0.107094 0.000000
vt 0.044184 -0.110818 0.000000
vt 0.044650 -0.114555 0.000000
vt 0.044989 -0.118305 0.000000
vt 0.045196 -0.122074 0.000000
vt 0.045266 -0.125862 0.000000
vt 0.045266 -0.310902 0.000000
vt 0.094639 0.006279 0.000000
vt 0.096615 0.006822 0.000000
vt 0.098467 0.007698 0.000000
vt 0.163376 -0.310902 0.000000
vt 0.100140 0.008881 0.000000
vt 0.101583 0.010335 0.000000
vt 0.102754 0.012017 0.000000
vt 0.103616 0.013876 0.000000
vt 0.104143 0.015855 0.000000
vt 0.104321 0.017896 0.000000
vt 0.163376 0.665476 0.000000
vt 0.104321 0.383922 0.000000
vt 0.104143 0.385964 0.000000
vt 0.103616 0.387943 0.000000
vt 0.102754 0.389802 0.000000
vt 0.101583 0.391484 0.000000
vt 0.100140 0.392938 0.000000
vt 0.098467 0.394121 0.000000
vt 0.045266 0.665476 0.000000
vt 0.096615 0.394997 0.000000
vt 0.094639 0.395540 0.000000
vt 0.092599 0.395733 0.000000
vt 0.045266 0.527681 0.000000
vt 0.045196 0.523892 0.000000
vt 0.044989 0.520124 0.000000
vt 0.044650 0.516373 0.000000
vt 0.044184 0.512637 0.000000
vt 0.043597 0.508913 0.000000
vt 0.042892 0.505196 0.000000
vt 0.042076 0.501486 0.000000
vt 0.041153 0.497778 0.000000
vt 0.039007 0.490358 0.000000
vt 0.036493 0.482913 0.000000
vt 0.033653 0.475418 0.000000
vt 0.030526 0.467851 0.000000
vt 0.027152 0.460186 0.000000
vt 0.023572 0.452401 0.000000
vt 0.019825 0.444471 0.000000
vt 0.015952 0.436373 0.000000
vt 0.011993 0.428082 0.000000
vt 0.007988 0.419575 0.000000
vt 0.003977 0.410829 0.000000
vt -0.000000 0.401818 0.000000
vt 0.090557 0.395571 0.000000
vt 0.088573 0.395058 0.000000
vt 0.085876 0.394010 0.000000
vt 0.083248 0.392800 0.000000
vt 0.080699 0.391430 0.000000
vt 0.078890 0.390235 0.000000
vt 0.077101 0.388760 0.000000
vt 0.075335 0.387025 0.000000
vt 0.073591 0.385045 0.000000
vt 0.071872 0.382838 0.000000
vt 0.070177 0.380421 0.000000
vt 0.068508 0.377812 0.000000
vt 0.066866 0.375028 0.000000
vt 0.065251 0.372086 0.000000
vt 0.063665 0.369003 0.000000
vt 0.062109 0.365796 0.000000
vt 0.060583 0.362484 0.000000
vt 0.057627 0.355609 0.000000
vt 0.054804 0.348514 0.000000
vt 0.052122 0.341339 0.000000
vt 0.049588 0.334216 0.000000
vt 0.047204 0.327198 0.000000
vt 0.044965 0.320287 0.000000
vt 0.042869 0.313478 0.000000
vt 0.040913 0.306771 0.000000
vt 0.039092 0.300162 0.000000
vt 0.037403 0.293650 0.000000
vt 0.035843 0.287233 0.000000
vt 0.034409 0.280909 0.000000
vt 0.033097 0.274675 0.000000
vt 0.031903 0.268530 0.000000
vt 0.030824 0.262471 0.000000
vt 0.029857 0.256496 0.000000
vt 0.028999 0.250603 0.000000
vt 0.028245 0.244790 0.000000
vt 0.027593 0.239055 0.000000
vt -0.003903 0.392520 0.000000
vt 0.027038 0.233395 0.000000
vt -0.007691 0.382910 0.000000
vt 0.026579 0.227809 0.000000
vt -0.011325 0.372964 0.000000
vt 0.026211 0.222295 0.000000
vt -0.013071 0.367858 0.000000
vt -0.014764 0.362660 0.000000
vt 0.025930 0.216849 0.000000
vt -0.016398 0.357365 0.000000
vt -0.017968 0.351972 0.000000
vt 0.025734 0.211472 0.000000
vt -0.019470 0.346477 0.000000
vt -0.020897 0.340877 0.000000
vt -0.022246 0.335170 0.000000
vt -0.023511 0.329352 0.000000
vt -0.024690 0.323420 0.000000
vt 0.025619 0.206159 0.000000
vt -0.025784 0.317369 0.000000
vt -0.026795 0.311196 0.000000
vt -0.027725 0.304896 0.000000
vt -0.028577 0.298464 0.000000
vt -0.029353 0.291896 0.000000
vt -0.030054 0.285189 0.000000
vt -0.030683 0.278336 0.000000
vt -0.031242 0.271335 0.000000
vt -0.031733 0.264181 0.000000
vt -0.032159 0.256869 0.000000
vt -0.032520 0.249395 0.000000
vt -0.032821 0.241755 0.000000
vt -0.033062 0.233945 0.000000
vt -0.033245 0.225959 0.000000
vt -0.033374 0.217794 0.000000
vt -0.045266 -0.310902 0.000000
vt -0.045266 -0.125862 0.000000
vt -0.163376 -0.310902 0.000000
vt -0.045196 -0.122074 0.000000
vt -0.044989 -0.118305 0.000000
vt -0.044650 -0.114555 0.000000
vt -0.044184 -0.110818 0.000000
vt -0.043597 -0.107094 0.000000
vt -0.042892 -0.103378 0.000000
vt -0.042076 -0.099667 0.000000
vt -0.041153 -0.095959 0.000000
vt -0.039007 -0.088539 0.000000
vt -0.036493 -0.081094 0.000000
vt -0.033653 -0.073600 0.000000
vt -0.030526 -0.066032 0.000000
vt -0.027152 -0.058368 0.000000
vt -0.023572 -0.050583 0.000000
vt -0.019825 -0.042653 0.000000
vt -0.015952 -0.034555 0.000000
vt -0.011993 -0.026264 0.000000
vt -0.007988 -0.017757 0.000000
vt -0.003977 -0.009011 0.000000
vt 0.000000 -0.000000 0.000000
vt 0.003903 0.009298 0.000000
vt -0.083248 0.009019 0.000000
vt -0.085876 0.007809 0.000000
vt -0.088573 0.006761 0.000000
vt 0.007691 0.018908 0.000000
vt -0.073591 0.016774 0.000000
vt -0.075335 0.014794 0.000000
vt -0.077101 0.013059 0.000000
vt 0.011324 0.028854 0.000000
vt -0.066865 0.026791 0.000000
vt -0.068508 0.024007 0.000000
vt -0.070177 0.021398 0.000000
vt 0.013071 0.033960 0.000000
vt -0.063665 0.032817 0.000000
vt -0.065251 0.029734 0.000000
vt -0.062109 0.036023 0.000000
vt 0.014764 0.039158 0.000000
vt -0.060583 0.039336 0.000000
vt -0.057627 0.046211 0.000000
vt -0.054804 0.053305 0.000000
vt -0.052122 0.060479 0.000000
vt -0.049589 0.067601 0.000000
vt -0.047205 0.074617 0.000000
vt -0.044966 0.081528 0.000000
vt -0.042871 0.088336 0.000000
vt -0.040914 0.095043 0.000000
vt -0.039093 0.101651 0.000000
vt -0.037404 0.108163 0.000000
vt -0.035845 0.114580 0.000000
vt -0.034410 0.120905 0.000000
vt -0.033098 0.127139 0.000000
vt -0.031904 0.133284 0.000000
vt -0.030825 0.139344 0.000000
vt -0.029858 0.145320 0.000000
vt 0.016398 0.044453 0.000000
vt -0.028999 0.151213 0.000000
vt -0.028245 0.157027 0.000000
vt -0.027593 0.162762 0.000000
vt -0.027039 0.168422 0.000000
vt -0.026579 0.174009 0.000000
vt -0.026211 0.179523 0.000000
vt -0.025930 0.184969 0.000000
vt 0.017968 0.049846 0.000000
vt -0.025734 0.190347 0.000000
vt 0.019469 0.055341 0.000000
vt 0.020897 0.060941 0.000000
vt 0.022246 0.066648 0.000000
vt 0.023511 0.072467 0.000000
vt 0.024690 0.078399 0.000000
vt -0.025619 0.195660 0.000000
vt 0.025784 0.084450 0.000000
vt 0.026795 0.090623 0.000000
vt 0.027725 0.096923 0.000000
vt 0.028577 0.103355 0.000000
vt 0.029353 0.109923 0.000000
vt 0.030054 0.116631 0.000000
vt 0.030683 0.123483 0.000000
vt 0.031242 0.130484 0.000000
vt 0.031733 0.137638 0.000000
vt 0.032159 0.144950 0.000000
vt 0.032520 0.152424 0.000000
vt 0.032821 0.160064 0.000000
vt 0.033062 0.167874 0.000000
vt 0.033245 0.175860 0.000000
vt 0.033374 0.184024 0.000000
vt -0.025581 0.200909 0.000000
vt 0.033449 0.192373 0.000000
vt 0.033474 0.200909 0.000000
vt 0.033449 0.209446 0.000000
vt 0.033374 0.217794 0.000000
vt -0.025619 0.206159 0.000000
vt 0.033245 0.225959 0.000000
vt 0.033062 0.233945 0.000000
vt 0.032821 0.241755 0.000000
vt 0.032520 0.249395 0.000000
vt 0.032159 0.256869 0.000000
vt 0.031733 0.264181 0.000000
vt 0.031242 0.271335 0.000000
vt 0.030683 0.278336 0.000000
vt 0.030054 0.285188 0.000000
vt 0.029353 0.291896 0.000000
vt 0.028577 0.298464 0.000000
vt 0.027725 0.304895 0.000000
vt 0.026795 0.311196 0.000000
vt 0.025784 0.317369 0.000000
vt 0.024690 0.323420 0.000000
vt -0.025734 0.211472 0.000000
vt 0.023511 0.329352 0.000000
vt 0.022246 0.335170 0.000000
vt 0.020897 0.340878 0.000000
vt 0.019469 0.346477 0.000000
vt 0.017968 0.351973 0.000000
vt -0.025930 0.216850 0.000000
vt 0.016398 0.357366 0.000000
vt 0.014764 0.362660 0.000000
vt -0.026211 0.222295 0.000000
vt 0.013071 0.367859 0.000000
vt 0.011324 0.372965 0.000000
vt -0.026579 0.227810 0.000000
vt 0.007691 0.382910 0.000000
vt -0.027039 0.233397 0.000000
vt 0.003903 0.392520 0.000000
vt -0.027593 0.239057 0.000000
vt 0.000000 0.401819 0.000000
vt -0.028245 0.244792 0.000000
vt -0.028999 0.250606 0.000000
vt -0.029858 0.256499 0.000000
vt -0.030825 0.262475 0.000000
vt -0.031904 0.268534 0.000000
vt -0.033098 0.274680 0.000000
vt -0.034410 0.280914 0.000000
vt -0.035845 0.287239 0.000000
vt -0.037404 0.293656 0.000000
vt -0.039093 0.300167 0.000000
vt -0.040914 0.306776 0.000000
vt -0.042871 0.313483 0.000000
vt -0.044966 0.320291 0.000000
vt -0.047205 0.327202 0.000000
vt -0.049589 0.334218 0.000000
vt -0.052122 0.341340 0.000000
vt -0.054804 0.348514 0.000000
vt -0.057627 0.355608 0.000000
vt -0.060583 0.362483 0.000000
vt -0.062109 0.365795 0.000000
vt -0.063665 0.369002 0.000000
vt -0.065251 0.372085 0.000000
vt -0.066865 0.375027 0.000000
vt -0.068508 0.377812 0.000000
vt -0.070177 0.380421 0.000000
vt -0.071872 0.382838 0.000000
vt -0.073591 0.385044 0.000000
vt -0.075335 0.387024 0.000000
vt -0.077101 0.388760 0.000000
vt -0.078890 0.390235 0.000000
vt -0.080699 0.391430 0.000000
vt -0.083248 0.392800 0.000000
vt -0.085876 0.394010 0.000000
vt -0.088573 0.395058 0.000000
vt -0.090557 0.395571 0.000000
vt -0.092599 0.395733 0.000000
vt -0.003977 0.410829 0.000000
vt -0.094639 0.395540 0.000000
vt -0.007988 0.419576 0.000000
vt -0.096615 0.394997 0.000000
vt -0.011993 0.428083 0.000000
vt -0.015952 0.436374 0.000000
vt -0.098467 0.394121 0.000000
vt -0.019825 0.444472 0.000000
vt -0.023572 0.452402 0.000000
vt -0.100140 0.392938 0.000000
vt -0.027152 0.460187 0.000000
vt -0.030526 0.467851 0.000000
vt -0.101583 0.391484 0.000000
vt -0.033653 0.475419 0.000000
vt -0.036493 0.482913 0.000000
vt -0.039007 0.490358 0.000000
vt -0.102754 0.389802 0.000000
vt -0.041153 0.497778 0.000000
vt -0.042076 0.501486 0.000000
vt -0.042892 0.505196 0.000000
vt -0.043597 0.508913 0.000000
vt -0.044184 0.512637 0.000000
vt -0.044650 0.516373 0.000000
vt -0.103616 0.387943 0.000000
vt -0.044989 0.520124 0.000000
vt -0.045196 0.523892 0.000000
vt -0.045266 0.527681 0.000000
vt -0.163376 0.665476 0.000000
vt -0.104143 0.385964 0.000000
vt -0.104321 0.383922 0.000000
vt -0.104321 0.017896 0.000000
vt -0.104143 0.015855 0.000000
vt -0.103616 0.013876 0.000000
vt -0.102754 0.012017 0.000000
vt -0.101583 0.010335 0.000000
vt -0.100140 0.008881 0.000000
vt -0.098467 0.007698 0.000000
vt -0.096615 0.006822 0.000000
vt -0.094639 0.006279 0.000000
vt -0.092599 0.006086 0.000000
vt -0.090557 0.006248 0.000000
vt -0.045266 0.665476 0.000000
vt -0.071872 0.018981 0.000000
vt -0.078890 0.011584 0.000000
vt -0.080699 0.010389 0.000000
vt -0.000000 0.000000 0.000000
vt -0.000000 0.047244 0.000000
vt -0.006665 0.000000 0.000000
vt -0.006665 0.047244 0.000000
vt -0.013330 0.000000 0.000000
vt -0.013330 0.047244 0.000000
vt -0.019994 0.000000 0.000000
vt -0.019995 0.047244 0.000000
vt -0.026659 0.000000 0.000000
vt -0.026660 0.047244 0.000000
vt -0.033324 0.000000 0.000000
vt -0.033325 0.047244 0.000000
vt -0.039988 0.000000 0.000000
vt -0.039990 0.047244 0.000000
vt -0.046653 0.000000 0.000000
vt -0.046655 0.047244 0.000000
vt -0.053317 0.000000 0.000000
vt -0.053320 0.047244 0.000000
vt -0.059981 0.000000 0.000000
vt -0.059985 0.047244 0.000000
vt -0.066646 0.000000 0.000000
vt -0.066650 0.047244 0.000000
vt -0.073311 0.000000 0.000000
vt -0.073315 0.047244 0.000000
vt -0.079975 0.000000 0.000000
vt -0.079980 0.047244 0.000000
vt -0.086640 0.000000 0.000000
vt -0.086645 0.047244 0.000000
vt -0.093305 0.000000 0.000000
vt -0.093310 0.047244 0.000000
vt -0.099969 0.000000 0.000000
vt -0.099975 0.047244 0.000000
vt -0.106634 0.000000 0.000000
vt -0.106640 0.047244 0.000000
vt -0.113299 0.000000 0.000000
vt -0.113305 0.047244 0.000000
vt -0.119965 0.000000 0.000000
vt -0.119970 0.047244 0.000000
vt -0.126630 0.000000 0.000000
vt -0.126635 0.047244 0.000000
vt -0.133296 0.000000 0.000000
vt -0.133300 0.047244 0.000000
vt -0.139962 0.000000 0.000000
vt -0.139965 0.047244 0.000000
vt -0.146628 0.000000 0.000000
vt -0.146630 0.047244 0.000000
vt -0.153294 0.000000 0.000000
vt -0.153295 0.047244 0.000000
vt -0.159960 0.000000 0.000000
vt -0.159960 0.047244 0.000000
vt -0.166625 0.047244 0.000000
vt -0.166626 0.000000 0.000000
vt -0.173290 0.047244 0.000000
vt -0.173291 0.000000 0.000000
vt -0.176622 0.047244 0.000000
vt -0.176623 0.000000 0.000000
vt -0.179955 0.047244 0.000000
vt -0.179956 0.000000 0.000000
vt -0.183287 0.047244 0.000000
vt -0.183288 0.000000 0.000000
vt -0.186620 0.047244 0.000000
vt -0.186621 0.000000 0.000000
vt -0.189952 0.047244 0.000000
vt -0.189953 0.000000 0.000000
vt -0.193285 0.047244 0.000000
vt -0.193285 0.000000 0.000000
vt -0.196617 0.047244 0.000000
vt -0.196618 0.000000 0.000000
vt -0.199950 0.047244 0.000000
vt -0.199950 0.000000 0.000000
vt -0.203282 0.047244 0.000000
vt -0.203282 0.000000 0.000000
vt -0.206615 0.047244 0.000000
vt -0.206615 0.000000 0.000000
vt -0.209947 0.047244 0.000000
vt -0.209947 0.000000 0.000000
vt -0.213280 0.047244 0.000000
vt -0.213280 0.000000 0.000000
vt -0.000000 0.000000 0.000000
vt -0.000000 0.047244 0.000000
vt -0.003332 0.000000 0.000000
vt -0.003332 0.047244 0.000000
vt -0.006664 0.000000 0.000000
vt -0.006665 0.047244 0.000000
vt -0.009997 0.000000 0.000000
vt -0.009997 0.047244 0.000000
vt -0.013329 0.000000 0.000000
vt -0.013329 0.047244 0.000000
vt -0.016661 0.000000 0.000000
vt -0.016661 0.047244 0.000000
vt -0.019993 0.000000 0.000000
vt -0.019994 0.047244 0.000000
vt -0.023325 0.000000 0.000000
vt -0.023326 0.047244 0.000000
vt -0.026657 0.000000 0.000000
vt -0.026658 0.047244 0.000000
vt -0.029990 0.000000 0.000000
vt -0.029991 0.047244 0.000000
vt -0.033322 0.000000 0.000000
vt -0.033323 0.047244 0.000000
vt -0.036654 0.000000 0.000000
vt -0.036655 0.047244 0.000000
vt -0.039986 0.000000 0.000000
vt -0.039988 0.047244 0.000000
vt -0.046651 0.000000 0.000000
vt -0.046652 0.047244 0.000000
vt -0.053316 0.000000 0.000000
vt -0.053317 0.047244 0.000000
vt -0.059981 0.047244 0.000000
vt -0.059982 0.000000 0.000000
vt -0.066646 0.047244 0.000000
vt -0.066648 0.000000 0.000000
vt -0.073311 0.047244 0.000000
vt -0.073314 0.000000 0.000000
vt -0.079975 0.047244 0.000000
vt -0.079979 0.000000 0.000000
vt -0.086640 0.047244 0.000000
vt -0.086644 0.000000 0.000000
vt -0.093304 0.047244 0.000000
vt -0.093309 0.000000 0.000000
vt -0.099969 0.047244 0.000000
vt -0.099974 0.000000 0.000000
vt -0.106634 0.047244 0.000000
vt -0.106639 0.000000 0.000000
vt -0.113298 0.047244 0.000000
vt -0.113304 0.000000 0.000000
vt -0.119963 0.047244 0.000000
vt -0.119968 0.000000 0.000000
vt -0.126627 0.047244 0.000000
vt -0.126632 0.000000 0.000000
vt -0.133292 0.047244 0.000000
vt -0.133297 0.000000 0.000000
vt -0.139957 0.047244 0.000000
vt -0.139961 0.000000 0.000000
vt -0.146621 0.047244 0.000000
vt -0.146625 0.000000 0.000000
vt -0.153286 0.047244 0.000000
vt -0.153289 0.000000 0.000000
vt -0.159950 0.047244 0.000000
vt -0.159953 0.000000 0.000000
vt -0.166615 0.047244 0.000000
vt -0.166617 0.000000 0.000000
vt -0.173279 0.047244 0.000000
vt -0.173281 0.000000 0.000000
vt -0.179944 0.047244 0.000000
vt -0.179945 0.000000 0.000000
vt -0.186609 0.047244 0.000000
vt -0.186610 0.000000 0.000000
vt -0.193273 0.047244 0.000000
vt -0.193274 0.000000 0.000000
vt -0.199938 0.047244 0.000000
vt -0.199938 0.000000 0.000000
vt -0.206602 0.047244 0.000000
vt -0.206603 0.000000 0.000000
vt -0.213267 0.047244 0.000000
vt -0.213267 0.000000 0.000000
vt 0.047244 -0.049474 0.000000
vt 0.000000 -0.049474 0.000000
vt 0.047244 -0.052368 0.000000
vt 0.000000 -0.052368 0.000000
vt 0.000000 -0.055262 0.000000
vt 0.000000 -0.058156 0.000000
vt 0.047244 -0.058156 0.000000
vt 0.047244 -0.055262 0.000000
vt -0.047244 -0.379863 0.000000
vt -0.000000 -0.379863 0.000000
vt -0.047244 -0.013837 0.000000
vt -0.000000 -0.013837 0.000000
vt 0.000000 0.049474 0.000000
vt 0.047244 0.049474 0.000000
vt 0.000000 0.052368 0.000000
vt 0.047244 0.052368 0.000000
vt 0.047244 0.055262 0.000000
vt 0.047244 0.058156 0.000000
vt 0.000000 0.058156 0.000000
vt 0.000000 0.055262 0.000000
vt 0.047244 -0.014539 0.000000
vt 0.000000 -0.014539 0.000000
vt 0.047244 -0.016590 0.000000
vt 0.000000 -0.016590 0.000000
vt 0.047244 -0.018642 0.000000
vt 0.000000 -0.018642 0.000000
vt 0.047244 -0.020693 0.000000
vt 0.000000 -0.020693 0.000000
vt 0.047244 -0.022745 0.000000
vt 0.000000 -0.022745 0.000000
vt 0.047244 -0.024796 0.000000
vt 0.000000 -0.024796 0.000000
vt 0.047244 -0.026848 0.000000
vt 0.000000 -0.026848 0.000000
vt 0.047244 -0.028899 0.000000
vt 0.000000 -0.028899 0.000000
vt 0.047244 -0.030951 0.000000
vt 0.000000 -0.030951 0.000000
vt 0.047244 -0.033002 0.000000
vt 0.000000 -0.033002 0.000000
vt 0.047244 -0.035054 0.000000
vt 0.000000 -0.035054 0.000000
vt 0.047244 -0.037105 0.000000
vt 0.000000 -0.037105 0.000000
vt 0.047244 -0.037105 0.000000
vt 0.000000 -0.037105 0.000000
vt 0.047244 -0.039157 0.000000
vt 0.000000 -0.039157 0.000000
vt 0.047244 -0.041208 0.000000
vt 0.000000 -0.041208 0.000000
vt 0.047244 -0.043260 0.000000
vt 0.000000 -0.043260 0.000000
vt 0.047244 -0.045311 0.000000
vt 0.000000 -0.045311 0.000000
vt 0.047244 -0.047363 0.000000
vt 0.000000 -0.047363 0.000000
vt 0.047244 -0.049414 0.000000
vt 0.000000 -0.049414 0.000000
vt 0.047244 -0.051466 0.000000
vt 0.000000 -0.051466 0.000000
vt 0.047244 -0.053517 0.000000
vt 0.000000 -0.053517 0.000000
vt 0.047244 -0.055569 0.000000
vt 0.000000 -0.055569 0.000000
vt 0.047244 -0.057620 0.000000
vt 0.000000 -0.057620 0.000000
vt 0.047244 -0.059672 0.000000
vt 0.000000 -0.059672 0.000000
vn 0.000000 0.000000 100.000000
vn 0.000000 0.589824 99.998261
vn 0.000000 0.000000 100.000000
vn 0.000000 0.589825 99.998261
vn 0.000000 1.231899 99.992412
vn 0.000000 1.231903 99.992412
vn 0.000000 1.928690 99.981399
vn 0.000000 1.928698 99.981399
vn 0.000000 2.682669 99.964010
vn 0.000000 2.682683 99.964010
vn 0.000000 3.496294 99.938861
vn 0.000000 3.496315 99.938860
vn 0.000000 4.371980 99.904383
vn 0.000000 4.372011 99.904382
vn 0.000000 5.312071 99.858810
vn 0.000000 5.312112 99.858808
vn 0.000000 6.318798 99.800164
vn 0.000000 6.318851 99.800161
vn 0.000000 7.394321 99.726245
vn 0.000000 7.394385 99.726241
vn 0.000000 8.540604 99.634623
vn 0.000000 8.540678 99.634617
vn 0.000000 9.759277 99.522643
vn 0.000000 9.759361 99.522635
vn 0.000000 11.051658 99.387428
vn 0.000000 11.051749 99.387418
vn 0.000000 12.418313 99.225932
vn 0.000000 12.418406 99.225920
vn 0.000000 13.859338 99.034937
vn 0.000000 13.859429 99.034924
vn 0.000000 15.374680 98.811028
vn 0.000000 15.374762 98.811015
vn 0.000000 16.963697 98.550662
vn 0.000000 16.963762 98.550651
vn 0.000000 18.628578 98.249560
vn 0.000000 18.628616 98.249553
vn 0.000000 20.370864 97.903156
vn 0.000000 20.370863 97.903156
vn 0.000000 22.134293 97.519604
vn 0.000000 22.134340 97.519593
vn 0.000000 23.861392 97.111451
vn 0.000000 23.861480 97.111430
vn 0.000000 25.542570 96.682869
vn 0.000000 25.542692 96.682837
vn 0.000000 27.168339 96.238669
vn 0.000000 27.168488 96.238627
vn 0.000000 28.734569 95.782694
vn 0.000000 28.734739 95.782643
vn 0.000000 30.237336 95.318957
vn 0.000000 30.237522 95.318898
vn 0.000000 31.673497 94.851408
vn 0.000000 31.673694 94.851342
vn 0.000000 33.040115 94.384060
vn 0.000000 33.040317 94.383989
vn 0.000000 35.551608 93.467017
vn 0.000000 35.551809 93.466940
vn 0.000000 37.746647 92.602325
vn 0.000000 37.746832 92.602250
vn 0.000000 39.602164 91.824118
vn 0.000000 39.602322 91.824050
vn 0.000000 41.096944 91.164912
vn 0.000000 41.097067 91.164856
vn 0.000000 42.209708 90.655064
vn 0.000000 42.209792 90.655024
vn 0.000000 42.917688 90.322047
vn 0.000000 42.917732 90.322026
vn 0.000000 43.195430 90.189549
vn 0.000000 43.195435 90.189547
vn 0.000000 43.013540 90.276439
vn 0.000000 43.013507 90.276454
vn 0.000000 42.337664 90.595376
vn 0.000000 42.337600 90.595406
vn 0.000000 41.127918 91.150943
vn 0.000000 41.127828 91.150983
vn 0.000000 39.339020 91.937161
vn 0.000000 39.338912 91.937207
vn 0.000000 36.921630 92.934349
vn 0.000000 36.921513 92.934395
vn 0.000000 33.825455 94.105465
vn 0.000000 33.825340 94.105507
vn 0.000000 30.004762 95.392422
vn 0.000000 30.004659 95.392455
vn 0.000000 25.426828 96.713372
vn 0.000000 25.426746 96.713394
vn 0.000000 22.849967 97.354399
vn 0.000000 22.849897 97.354415
vn 0.000000 20.083254 97.962559
vn 0.000000 20.083199 97.962570
vn 0.000000 17.131586 98.521616
vn 0.000000 17.131544 98.521623
vn 0.000000 14.002972 99.014730
vn 0.000000 14.002944 99.014734
vn 0.000000 10.708817 99.424953
vn 0.000000 10.708800 99.424955
vn 0.000000 7.264066 99.735818
vn 0.000000 7.264058 99.735818
vn 0.000000 3.687197 99.932000
vn 0.000000 3.687194 99.932000
vn 0.000000 0.000000 100.000000
vn 0.000000 0.000000 100.000000
vn 0.000000 0.000000 100.000000
vn 0.000000 0.000000 100.000000
vn -0.000000 100.000000 -0.000000
vn -0.000000 100.000000 -0.000000
vn -0.000000 100.000000 -0.000000
vn -0.000000 100.000000 -0.000000
vn -0.000000 -0.000000 -100.000000
vn -0.000000 -0.000000 -100.000000
vn -0.000000 -0.000000 -100.000000
vn -0.000000 -0.000000 -100.000000
vn 0.000000 -100.000000 0.000000
vn 0.000000 -100.000000 0.000000
vn 0.000000 -100.000000 0.000000
vn 0.000000 -100.000000 0.000000
vn 0.000000 0.000000 100.000000
vn 0.000000 0.000000 100.000000
vn 0.000000 0.000000 100.000000
vn 0.000000 0.000000 100.000000
vn 0.000000 -3.687194 99.932000
vn 0.000000 -3.687197 99.932000
vn 0.000000 -7.264058 99.735818
vn 0.000000 -7.264066 99.735818
vn 0.000000 -10.708800 99.424955
vn 0.000000 -10.708817 99.424953
vn 0.000000 -14.002944 99.014734
vn 0.000000 -14.002972 99.014730
vn 0.000000 -17.131544 98.521623
vn 0.000000 -17.131586 98.521616
vn 0.000000 -20.083199 97.962570
vn 0.000000 -20.083254 97.962559
vn 0.000000 -22.849897 97.354415
vn 0.000000 -22.849967 97.354399
vn 0.000000 -25.426746 96.713394
vn 0.000000 -25.426828 96.713372
vn 0.000000 -30.004659 95.392455
vn 0.000000 -30.004762 95.392422
vn 0.000000 -33.825340 94.105507
vn 0.000000 -33.825455 94.105465
vn 0.000000 -36.921513 92.934395
vn 0.000000 -36.921630 92.934349
vn 0.000000 -39.338912 91.937207
vn 0.000000 -39.339020 91.937161
vn 0.000000 -41.127828 91.150983
vn 0.000000 -41.127918 91.150943
vn 0.000000 -42.337600 90.595406
vn 0.000000 -42.337664 90.595376
vn 0.000000 -43.013507 90.276454
vn 0.000000 -43.013540 90.276439
vn 0.000000 -43.195435 90.189547
vn 0.000000 -43.195430 90.189549
vn 0.000000 -42.917732 90.322026
vn 0.000000 -42.917688 90.322047
vn 0.000000 -42.209792 90.655024
vn 0.000000 -42.209708 90.655064
vn 0.000000 -41.097067 91.164856
vn 0.000000 -41.096944 91.164912
vn 0.000000 -39.602322 91.824050
vn 0.000000 -39.602164 91.824118
vn 0.000000 -37.746832 92.602250
vn 0.000000 -37.746647 92.602325
vn 0.000000 -35.551809 93.466940
vn 0.000000 -35.551608 93.467017
vn 0.000000 -33.040317 94.383989
vn 0.000000 -33.040115 94.384060
vn 0.000000 -31.673694 94.851342
vn 0.000000 -31.673497 94.851408
vn 0.000000 -30.237522 95.318898
vn 0.000000 -30.237336 95.318957
vn 0.000000 -28.734739 95.782643
vn 0.000000 -28.734569 95.782694
vn 0.000000 -27.168488 96.238627
vn 0.000000 -27.168339 96.238669
vn 0.000000 -25.542692 96.682837
vn 0.000000 -25.542570 96.682869
vn 0.000000 -23.861480 97.111430
vn 0.000000 -23.861392 97.111451
vn 0.000000 -22.134340 97.519593
vn 0.000000 -22.134293 97.519604
vn 0.000000 -20.370864 97.903156
vn 0.000000 -20.370863 97.903156
vn 0.000000 -18.628616 98.249553
vn 0.000000 -18.628578 98.249560
vn 0.000000 -16.963762 98.550651
vn 0.000000 -16.963697 98.550662
vn 0.000000 -15.374762 98.811015
vn 0.000000 -15.374680 98.811028
vn 0.000000 -13.859429 99.034924
vn 0.000000 -13.859338 99.034937
vn 0.000000 -12.418406 99.225920
vn 0.000000 -12.418313 99.225932
vn 0.000000 -11.051749 99.387418
vn 0.000000 -11.051658 99.387428
vn 0.000000 -9.759361 99.522635
vn 0.000000 -9.759277 99.522643
vn 0.000000 -8.540678 99.634617
vn 0.000000 -8.540604 99.634623
vn 0.000000 -7.394385 99.726241
vn 0.000000 -7.394321 99.726245
vn 0.000000 -6.318851 99.800161
vn 0.000000 -6.318798 99.800164
vn 0.000000 -5.312112 99.858808
vn 0.000000 -5.312071 99.858810
vn 0.000000 -4.372011 99.904382
vn 0.000000 -4.371980 99.904383
vn 0.000000 -3.496315 99.938860
vn 0.000000 -3.496294 99.938861
vn 0.000000 -2.682683 99.964010
vn 0.000000 -2.682669 99.964010
vn 0.000000 -1.928698 99.981399
vn 0.000000 -1.928690 99.981399
vn 0.000000 -1.231903 99.992412
vn 0.000000 -1.231899 99.992412
vn 0.000000 -0.589825 99.998261
vn 0.000000 -0.589824 99.998261
vn -100.000000 -0.000000 0.000000
vn -100.000000 -0.000000 0.000000
vn -100.000000 -0.000000 0.000000
vn -100.000000 -0.000000 0.000000
vn -100.000000 -0.000000 0.000000
vn -100.000000 -0.000000 0.000000
vn -100.000000 -0.000000 0.000000
vn -100.000000 -0.000000 0.000000
vn -100.000000 -0.000000 0.000000
vn -100.000000 -0.000000 0.000000
vn -100.000000 -0.000000 0.000000
vn -100.000000 -0.000000 0.000000
vn -100.000000 -0.000000 0.000000
vn -100.000000 -0.000000 0.000000
vn -100.000000 -0.000000 0.000000
vn -100.000000 -0.000000 0.000000
vn -100.000000 -0.000000 0.000000
vn -100.000000 -0.000000 0.000000
vn -100.000000 -0.000000 0.000000
vn -100.000000 -0.000000 0.000000
vn -100.000000 -0.000000 0.000000
vn -100.000000 -0.000000 0.000000
vn -100.000000 -0.000000 0.000000
vn -100.000000 -0.000000 0.000000
vn -100.000000 -0.000000 0.000000
vn -100.000000 -0.000000 0.000000
vn -100.000000 -0.000000 0.000000
vn -100.000000 -0.000000 0.000000
vn -100.000000 -0.000000 0.000000
vn -100.000000 -0.000000 0.000000
vn -100.000000 -0.000000 0.000000
vn -100.000000 -0.000000 0.000000
vn -100.000000 -0.000000 0.000000
vn -100.000000 -0.000000 0.000000
vn -100.000000 -0.000000 0.000000
vn -100.000000 -0.000000 0.000000
vn -100.000000 -0.000000 0.000000
vn -100.000000 -0.000000 0.000000
vn -100.000000 -0.000000 0.000000
vn -100.000000 -0.000000 0.000000
vn -100.000000 -0.000000 0.000000
vn -100.000000 -0.000000 0.000000
vn -100.000000 -0.000000 0.000000
vn -100.000000 -0.000000 0.000000
vn -100.000000 -0.000000 0.000000
vn -100.000000 -0.000000 0.000000
vn -100.000000 -0.000000 0.000000
vn -100.000000 -0.000000 0.000000
vn -100.000000 -0.000000 0.000000
vn -100.000000 -0.000000 0.000000
vn -100.000000 -0.000000 0.000000
vn -100.000000 -0.000000 0.000000
vn -100.000000 -0.000000 0.000000
vn -100.000000 -0.000000 0.000000
vn -100.000000 -0.000000 0.000000
vn -100.000000 -0.000000 0.000000
vn -100.000000 -0.000000 0.000000
vn -100.000000 -0.000000 0.000000
vn -100.000000 -0.000000 0.000000
vn -100.000000 -0.000000 0.000000
vn -100.000000 -0.000000 0.000000
vn -100.000000 -0.000000 0.000000
vn -100.000000 -0.000000 0.000000
vn -100.000000 -0.000000 0.000000
vn -100.000000 -0.000000 0.000000
vn -100.000000 -0.000000 0.000000
vn -100.000000 -0.000000 0.000000
vn -100.000000 -0.000000 0.000000
vn -100.000000 -0.000000 0.000000
vn -100.000000 -0.000000 0.000000
vn -100.000000 -0.000000 0.000000
vn -100.000000 -0.000000 0.000000
vn -100.000000 -0.000000 0.000000
vn -100.000000 -0.000000 0.000000
vn -100.000000 -0.000000 0.000000
vn -100.000000 -0.000000 0.000000
vn -100.000000 -0.000000 0.000000
vn -100.000000 -0.000000 0.000000
vn -100.000000 -0.000000 0.000000
vn -100.000000 -0.000000 0.000000
vn -100.000000 -0.000000 0.000000
vn -100.000000 -0.000000 0.000000
vn -100.000000 -0.000000 0.000000
vn -100.000000 -0.000000 0.000000
vn -100.000000 -0.000000 0.000000
vn -100.000000 -0.000000 0.000000
vn -100.000000 -0.000000 0.000000
vn -100.000000 -0.000000 0.000000
vn -100.000000 -0.000000 0.000000
vn -100.000000 -0.000000 0.000000
vn -100.000000 -0.000000 0.000000
vn -100.000000 -0.000000 0.000000
vn -100.000000 -0.000000 0.000000
vn -100.000000 -0.000000 0.000000
vn -100.000000 -0.000000 0.000000
vn -100.000000 -0.000000 0.000000
vn -100.000000 -0.000000 0.000000
vn -100.000000 -0.000000 0.000000
vn -100.000000 -0.000000 0.000000
vn -100.000000 -0.000000 0.000000
vn -100.000000 -0.000000 0.000000
vn -100.000000 -0.000000 0.000000
vn -100.000000 -0.000000 0.000000
vn -100.000000 -0.000000 0.000000
vn -100.000000 -0.000000 0.000000
vn -100.000000 -0.000000 0.000000
vn -100.000000 -0.000000 0.000000
vn -100.000000 -0.000000 0.000000
vn -100.000000 -0.000000 0.000000
vn -100.000000 -0.000000 0.000000
vn -100.000000 -0.000000 0.000000
vn -100.000000 -0.000000 0.000000
vn -100.000000 -0.000000 0.000000
vn -100.000000 -0.000000 0.000000
vn -100.000000 -0.000000 0.000000
vn -100.000000 -0.000000 0.000000
vn -100.000000 -0.000000 0.000000
vn -100.000000 -0.000000 0.000000
vn -100.000000 -0.000000 0.000000
vn -100.000000 -0.000000 0.000000
vn -100.000000 -0.000000 0.000000
vn -100.000000 -0.000000 0.000000
vn -100.000000 -0.000000 0.000000
vn -100.000000 -0.000000 0.000000
vn -100.000000 -0.000000 0.000000
vn -100.000000 -0.000000 0.000000
vn -100.000000 -0.000000 0.000000
vn -100.000000 -0.000000 0.000000
vn -100.000000 -0.000000 0.000000
vn -100.000000 -0.000000 0.000000
vn -100.000000 -0.000000 0.000000
vn -100.000000 -0.000000 0.000000
vn -100.000000 -0.000000 0.000000
vn -100.000000 -0.000000 0.000000
vn -100.000000 -0.000000 0.000000
vn -100.000000 -0.000000 0.000000
vn -100.000000 -0.000000 0.000000
vn -100.000000 -0.000000 0.000000
vn -100.000000 -0.000000 0.000000
vn -100.000000 -0.000000 0.000000
vn -100.000000 -0.000000 0.000000
vn -100.000000 -0.000000 0.000000
vn -100.000000 -0.000000 0.000000
vn -100.000000 -0.000000 0.000000
vn -100.000000 -0.000000 0.000000
vn -100.000000 -0.000000 0.000000
vn -100.000000 -0.000000 0.000000
vn -100.000000 -0.000000 0.000000
vn -100.000000 -0.000000 0.000000
vn -100.000000 -0.000000 0.000000
vn -100.000000 -0.000000 0.000000
vn -100.000000 -0.000000 0.000000
vn -100.000000 -0.000000 0.000000
vn -100.000000 -0.000000 0.000000
vn -100.000000 -0.000000 0.000000
vn -100.000000 -0.000000 0.000000
vn -100.000000 -0.000000 0.000000
vn -100.000000 -0.000000 0.000000
vn -100.000000 -0.000000 0.000000
vn -100.000000 -0.000000 0.000000
vn -100.000000 -0.000000 0.000000
vn -100.000000 -0.000000 0.000000
vn -100.000000 -0.000000 0.000000
vn -100.000000 -0.000000 0.000000
vn -100.000000 -0.000000 0.000000
vn -100.000000 -0.000000 0.000000
vn -100.000000 -0.000000 0.000000
vn -100.000000 -0.000000 0.000000
vn -100.000000 -0.000000 0.000000
vn -100.000000 -0.000000 0.000000
vn -100.000000 -0.000000 0.000000
vn -100.000000 -0.000000 0.000000
vn -100.000000 -0.000000 0.000000
vn -100.000000 -0.000000 0.000000
vn -100.000000 -0.000000 0.000000
vn -100.000000 -0.000000 0.000000
vn -100.000000 -0.000000 0.000000
vn -100.000000 -0.000000 0.000000
vn -100.000000 -0.000000 0.000000
vn -100.000000 -0.000000 0.000000
vn -100.000000 -0.000000 0.000000
vn -100.000000 -0.000000 0.000000
vn -100.000000 -0.000000 0.000000
vn -100.000000 -0.000000 0.000000
vn -100.000000 -0.000000 0.000000
vn -100.000000 -0.000000 0.000000
vn -100.000000 -0.000000 0.000000
vn -100.000000 -0.000000 0.000000
vn -100.000000 -0.000000 0.000000
vn -100.000000 -0.000000 0.000000
vn -100.000000 -0.000000 0.000000
vn -100.000000 -0.000000 0.000000
vn -100.000000 -0.000000 0.000000
vn -100.000000 -0.000000 0.000000
vn -100.000000 -0.000000 0.000000
vn -100.000000 -0.000000 0.000000
vn -100.000000 -0.000000 0.000000
vn -100.000000 -0.000000 0.000000
vn -100.000000 -0.000000 0.000000
vn -100.000000 -0.000000 0.000000
vn -100.000000 -0.000000 0.000000
vn -100.000000 -0.000000 0.000000
vn -100.000000 -0.000000 0.000000
vn -100.000000 -0.000000 0.000000
vn -100.000000 -0.000000 0.000000
vn -100.000000 -0.000000 0.000000
vn -100.000000 -0.000000 0.000000
vn -100.000000 -0.000000 0.000000
vn 100.000000 0.000000 -0.000000
vn 100.000000 0.000000 -0.000000
vn 100.000000 0.000000 -0.000000
vn 100.000000 0.000000 -0.000000
vn 100.000000 0.000000 -0.000000
vn 100.000000 0.000000 -0.000000
vn 100.000000 0.000000 -0.000000
vn 100.000000 0.000000 -0.000000
vn 100.000000 0.000000 -0.000000
vn 100.000000 0.000000 -0.000000
vn 100.000000 0.000000 -0.000000
vn 100.000000 0.000000 -0.000000
vn 100.000000 0.000000 -0.000000
vn 100.000000 0.000000 -0.000000
vn 100.000000 0.000000 -0.000000
vn 100.000000 0.000000 -0.000000
vn 100.000000 0.000000 -0.000000
vn 100.000000 0.000000 -0.000000
vn 100.000000 0.000000 -0.000000
vn 100.000000 0.000000 -0.000000
vn 100.000000 0.000000 -0.000000
vn 100.000000 0.000000 -0.000000
vn 100.000000 0.000000 -0.000000
vn 100.000000 0.000000 -0.000000
vn 100.000000 0.000000 -0.000000
vn 100.000000 0.000000 -0.000000
vn 100.000000 0.000000 -0.000000
vn 100.000000 0.000000 -0.000000
vn 100.000000 0.000000 -0.000000
vn 100.000000 0.000000 -0.000000
vn 100.000000 0.000000 -0.000000
vn 100.000000 0.000000 -0.000000
vn 100.000000 0.000000 -0.000000
vn 100.000000 0.000000 -0.000000
vn 100.000000 0.000000 -0.000000
vn 100.000000 0.000000 -0.000000
vn 100.000000 0.000000 -0.000000
vn 100.000000 0.000000 -0.000000
vn 100.000000 0.000000 -0.000000
vn 100.000000 0.000000 -0.000000
vn 100.000000 0.000000 -0.000000
vn 100.000000 0.000000 -0.000000
vn 100.000000 0.000000 -0.000000
vn 100.000000 0.000000 -0.000000
vn 100.000000 0.000000 -0.000000
vn 100.000000 0.000000 -0.000000
vn 100.000000 0.000000 -0.000000
vn 100.000000 0.000000 -0.000000
vn 100.000000 0.000000 -0.000000
vn 100.000000 0.000000 -0.000000
vn 100.000000 0.000000 -0.000000
vn 100.000000 0.000000 -0.000000
vn 100.000000 0.000000 -0.000000
vn 100.000000 0.000000 -0.000000
vn 100.000000 0.000000 -0.000000
vn 100.000000 0.000000 -0.000000
vn 100.000000 0.000000 -0.000000
vn 100.000000 0.000000 -0.000000
vn 100.000000 0.000000 -0.000000
vn 100.000000 0.000000 -0.000000
vn 100.000000 0.000000 -0.000000
vn 100.000000 0.000000 -0.000000
vn 100.000000 0.000000 -0.000000
vn 100.000000 0.000000 -0.000000
vn 100.000000 0.000000 -0.000000
vn 100.000000 0.000000 -0.000000
vn 100.000000 0.000000 -0.000000
vn 100.000000 0.000000 -0.000000
vn 100.000000 0.000000 -0.000000
vn 100.000000 0.000000 -0.000000
vn 100.000000 0.000000 -0.000000
vn 100.000000 0.000000 -0.000000
vn 100.000000 0.000000 -0.000000
vn 100.000000 0.000000 -0.000000
vn 100.000000 0.000000 -0.000000
vn 100.000000 0.000000 -0.000000
vn 100.000000 0.000000 -0.000000
vn 100.000000 0.000000 -0.000000
vn 100.000000 0.000000 -0.000000
vn 100.000000 0.000000 -0.000000
vn 100.000000 0.000000 -0.000000
vn 100.000000 0.000000 -0.000000
vn 100.000000 0.000000 -0.000000
vn 100.000000 0.000000 -0.000000
vn 100.000000 0.000000 -0.000000
vn 100.000000 0.000000 -0.000000
vn 100.000000 0.000000 -0.000000
vn 100.000000 0.000000 -0.000000
vn 100.000000 0.000000 -0.000000
vn 100.000000 0.000000 -0.000000
vn 100.000000 0.000000 -0.000000
vn 100.000000 0.000000 -0.000000
vn 100.000000 0.000000 -0.000000
vn 100.000000 0.000000 -0.000000
vn 100.000000 0.000000 -0.000000
vn 100.000000 0.000000 -0.000000
vn 100.000000 0.000000 -0.000000
vn 100.000000 0.000000 -0.000000
vn 100.000000 0.000000 -0.000000
vn 100.000000 0.000000 -0.000000
vn 100.000000 0.000000 -0.000000
vn 100.000000 0.000000 -0.000000
vn 100.000000 0.000000 -0.000000
vn 100.000000 0.000000 -0.000000
vn 100.000000 0.000000 -0.000000
vn 100.000000 0.000000 -0.000000
vn 100.000000 0.000000 -0.000000
vn 100.000000 0.000000 -0.000000
vn 100.000000 0.000000 -0.000000
vn 100.000000 0.000000 -0.000000
vn 100.000000 0.000000 -0.000000
vn 100.000000 0.000000 -0.000000
vn 100.000000 0.000000 -0.000000
vn 100.000000 0.000000 -0.000000
vn 100.000000 0.000000 -0.000000
vn 100.000000 0.000000 -0.000000
vn 100.000000 0.000000 -0.000000
vn 100.000000 0.000000 -0.000000
vn 100.000000 0.000000 -0.000000
vn 100.000000 0.000000 -0.000000
vn 100.000000 0.000000 -0.000000
vn 100.000000 0.000000 -0.000000
vn 100.000000 0.000000 -0.000000
vn 100.000000 0.000000 -0.000000
vn 100.000000 0.000000 -0.000000
vn 100.000000 0.000000 -0.000000
vn 100.000000 0.000000 -0.000000
vn 100.000000 0.000000 -0.000000
vn 100.000000 0.000000 -0.000000
vn 100.000000 0.000000 -0.000000
vn 100.000000 0.000000 -0.000000
vn 100.000000 0.000000 -0.000000
vn 100.000000 0.000000 -0.000000
vn 100.000000 0.000000 -0.000000
vn 100.000000 0.000000 -0.000000
vn 100.000000 0.000000 -0.000000
vn 100.000000 0.000000 -0.000000
vn 100.000000 0.000000 -0.000000
vn 100.000000 0.000000 -0.000000
vn 100.000000 0.000000 -0.000000
vn 100.000000 0.000000 -0.000000
vn 100.000000 0.000000 -0.000000
vn 100.000000 0.000000 -0.000000
vn 100.000000 0.000000 -0.000000
vn 100.000000 0.000000 -0.000000
vn 100.000000 0.000000 -0.000000
vn 100.000000 0.000000 -0.000000
vn 100.000000 0.000000 -0.000000
vn 100.000000 0.000000 -0.000000
vn 100.000000 0.000000 -0.000000
vn 100.000000 0.000000 -0.000000
vn 100.000000 0.000000 -0.000000
vn 100.000000 0.000000 -0.000000
vn 100.000000 0.000000 -0.000000
vn 100.000000 0.000000 -0.000000
vn 100.000000 0.000000 -0.000000
vn 100.000000 0.000000 -0.000000
vn 100.000000 0.000000 -0.000000
vn 100.000000 0.000000 -0.000000
vn 100.000000 0.000000 -0.000000
vn 100.000000 0.000000 -0.000000
vn 100.000000 0.000000 -0.000000
vn 100.000000 0.000000 -0.000000
vn 100.000000 0.000000 -0.000000
vn 100.000000 0.000000 -0.000000
vn 100.000000 0.000000 -0.000000
vn 100.000000 0.000000 -0.000000
vn 100.000000 0.000000 -0.000000
vn 100.000000 0.000000 -0.000000
vn 100.000000 0.000000 -0.000000
vn 100.000000 0.000000 -0.000000
vn 100.000000 0.000000 -0.000000
vn 100.000000 0.000000 -0.000000
vn 100.000000 0.000000 -0.000000
vn 100.000000 0.000000 -0.000000
vn 100.000000 0.000000 -0.000000
vn 100.000000 0.000000 -0.000000
vn 100.000000 0.000000 -0.000000
vn 100.000000 0.000000 -0.000000
vn 100.000000 0.000000 -0.000000
vn 100.000000 0.000000 -0.000000
vn 100.000000 0.000000 -0.000000
vn 100.000000 0.000000 -0.000000
vn 100.000000 0.000000 -0.000000
vn 100.000000 0.000000 -0.000000
vn 100.000000 0.000000 -0.000000
vn 100.000000 0.000000 -0.000000
vn 100.000000 0.000000 -0.000000
vn 100.000000 0.000000 -0.000000
vn 100.000000 0.000000 -0.000000
vn 100.000000 0.000000 -0.000000
vn 100.000000 0.000000 -0.000000
vn 100.000000 0.000000 -0.000000
vn 100.000000 0.000000 -0.000000
vn 100.000000 0.000000 -0.000000
vn 100.000000 0.000000 -0.000000
vn 100.000000 0.000000 -0.000000
vn 100.000000 0.000000 -0.000000
vn 100.000000 0.000000 -0.000000
vn 100.000000 0.000000 -0.000000
vn 100.000000 0.000000 -0.000000
vn 100.000000 0.000000 -0.000000
vn 100.000000 0.000000 -0.000000
vn 100.000000 0.000000 -0.000000
vn 100.000000 0.000000 -0.000000
vn 100.000000 0.000000 -0.000000
vn 100.000000 0.000000 -0.000000
vn 100.000000 0.000000 -0.000000
vn -0.000000 0.000000 -100.000000
vn -0.000000 -0.000000 -100.000000
vn -0.000000 1.436152 -99.989687
vn -0.000000 1.436167 -99.989687
vn -0.000000 2.900795 -99.957918
vn -0.000000 2.900854 -99.957916
vn -0.000000 4.390164 -99.903586
vn -0.000000 4.390290 -99.903580
vn -0.000000 5.900477 -99.825770
vn -0.000000 5.900691 -99.825757
vn -0.000000 7.427960 -99.723745
vn -0.000000 7.428279 -99.723722
vn -0.000000 8.968873 -99.596984
vn -0.000000 8.969308 -99.596945
vn -0.000000 10.519533 -99.445158
vn -0.000000 10.520089 -99.445099
vn -0.000000 12.076334 -99.268133
vn -0.000000 12.077015 -99.268050
vn -0.000000 13.635777 -99.065966
vn -0.000000 13.636578 -99.065856
vn -0.000000 15.194482 -98.838898
vn -0.000000 15.195397 -98.838757
vn -0.000000 16.749214 -98.587341
vn -0.000000 16.750231 -98.587168
vn -0.000000 18.296895 -98.311869
vn -0.000000 18.298001 -98.311663
vn -0.000000 19.834627 -98.013201
vn -0.000000 19.835802 -98.012963
vn -0.000000 21.359700 -97.692186
vn -0.000000 21.360921 -97.691919
vn -0.000000 22.869568 -97.349796
vn -0.000000 22.870806 -97.349506
vn -0.000000 24.361875 -96.987108
vn -0.000000 24.363100 -96.986800
vn -0.000000 25.834613 -96.605242
vn -0.000000 25.835792 -96.604927
vn -0.000000 27.286007 -96.205373
vn -0.000000 27.287105 -96.205062
vn -0.000000 28.713893 -95.788895
vn -0.000000 28.714873 -95.788601
vn -0.000000 30.116218 -95.357293
vn -0.000000 30.117040 -95.357034
vn -0.000000 31.496248 -94.910412
vn -0.000000 31.496878 -94.910203
vn -0.000000 32.835846 -94.455319
vn -0.000000 32.836230 -94.455185
vn -0.000000 34.208808 -93.966789
vn -0.000000 34.208948 -93.966738
vn -0.000000 35.903354 -93.332466
vn -0.000000 35.903258 -93.332503
vn -0.000000 38.135513 -92.442861
vn -0.000000 38.135851 -92.442722
vn -0.000000 40.995915 -91.210388
vn -0.000000 40.996462 -91.210143
vn -0.000000 42.714350 -90.418385
vn -0.000000 42.714979 -90.418088
vn -0.000000 44.663338 -89.471706
vn -0.000000 44.664031 -89.471361
vn -0.000000 46.878295 -88.331339
vn -0.000000 46.879027 -88.330950
vn -0.000000 49.401716 -86.945215
vn -0.000000 49.402461 -86.944792
vn -0.000000 52.283624 -85.243314
vn -0.000000 52.284351 -85.242869
vn -0.000000 55.581945 -83.130304
vn -0.000000 55.582620 -83.129853
vn -0.000000 59.361394 -80.474996
vn -0.000000 59.361981 -80.474563
vn -0.000000 63.687982 -77.096310
vn -0.000000 63.688447 -77.095926
vn -0.000000 68.616241 -72.744838
vn -0.000000 68.616563 -72.744534
vn -0.000000 74.161257 -67.082844
vn -0.000000 74.161431 -67.082652
vn -0.000000 80.244485 -59.672629
vn -0.000000 80.244536 -59.672560
vn -0.000000 86.602540 -50.000000
vn -0.000000 86.602540 -50.000000
vn 0.000000 -86.602540 -50.000000
vn 0.000000 -86.602540 -50.000000
vn -0.000000 -80.244536 -59.672560
vn -0.000000 -80.244485 -59.672629
vn -0.000000 -74.161431 -67.082652
vn -0.000000 -74.161257 -67.082844
vn -0.000000 -68.616563 -72.744534
vn -0.000000 -68.616241 -72.744838
vn -0.000000 -63.688447 -77.095926
vn -0.000000 -63.687982 -77.096310
vn -0.000000 -59.361981 -80.474563
vn -0.000000 -59.361394 -80.474996
vn -0.000000 -55.582620 -83.129853
vn -0.000000 -55.581945 -83.130304
vn -0.000000 -52.284351 -85.242869
vn -0.000000 -52.283624 -85.243314
vn -0.000000 -49.402461 -86.944792
vn -0.000000 -49.401716 -86.945215
vn -0.000000 -46.879027 -88.330950
vn -0.000000 -46.878295 -88.331339
vn -0.000000 -44.664031 -89.471361
vn -0.000000 -44.663338 -89.471706
vn -0.000000 -42.714979 -90.418088
vn -0.000000 -42.714350 -90.418385
vn -0.000000 -40.996462 -91.210143
vn -0.000000 -40.995915 -91.210388
vn -0.000000 -38.135851 -92.442722
vn -0.000000 -38.135513 -92.442861
vn -0.000000 -35.903354 -93.332466
vn -0.000000 -35.903258 -93.332503
vn -0.000000 -34.208948 -93.966738
vn -0.000000 -34.208808 -93.966789
vn -0.000000 -32.836230 -94.455185
vn -0.000000 -32.835846 -94.455319
vn -0.000000 -31.496878 -94.910203
vn -0.000000 -31.496248 -94.910412
vn -0.000000 -30.117040 -95.357034
vn -0.000000 -30.116218 -95.357293
vn -0.000000 -28.714873 -95.788601
vn -0.000000 -28.713893 -95.788895
vn -0.000000 -27.287105 -96.205062
vn -0.000000 -27.286007 -96.205373
vn -0.000000 -25.835792 -96.604927
vn -0.000000 -25.834613 -96.605242
vn -0.000000 -24.363100 -96.986800
vn -0.000000 -24.361875 -96.987108
vn -0.000000 -22.870806 -97.349506
vn -0.000000 -22.869568 -97.349796
vn -0.000000 -21.360921 -97.691919
vn -0.000000 -21.359700 -97.692186
vn -0.000000 -19.835802 -98.012963
vn -0.000000 -19.834627 -98.013201
vn -0.000000 -18.298001 -98.311663
vn -0.000000 -18.296895 -98.311869
vn -0.000000 -16.750231 -98.587168
vn -0.000000 -16.749214 -98.587341
vn -0.000000 -15.195397 -98.838757
vn -0.000000 -15.194482 -98.838898
vn -0.000000 -13.636578 -99.065856
vn -0.000000 -13.635777 -99.065966
vn -0.000000 -12.077015 -99.268050
vn -0.000000 -12.076334 -99.268133
vn -0.000000 -10.520089 -99.445099
vn -0.000000 -10.519533 -99.445158
vn -0.000000 -8.969308 -99.596945
vn -0.000000 -8.968873 -99.596984
vn -0.000000 -7.428279 -99.723722
vn -0.000000 -7.427960 -99.723745
vn -0.000000 -5.900691 -99.825757
vn -0.000000 -5.900477 -99.825770
vn -0.000000 -4.390290 -99.903580
vn -0.000000 -4.390164 -99.903586
vn -0.000000 -2.900854 -99.957916
vn -0.000000 -2.900795 -99.957918
vn -0.000000 -1.436167 -99.989687
vn -0.000000 -1.436152 -99.989687
vn 0.000000 -89.500906 -44.604797
vn 0.000000 -89.500906 -44.604797
vn 0.000000 -92.063564 -39.042286
vn 0.000000 -94.280904 -33.333333
vn 0.000000 -94.280904 -33.333333
vn 0.000000 -92.063564 -39.042286
vn 0.000000 0.000000 100.000000
vn 0.000000 0.000000 100.000000
vn 0.000000 0.000000 100.000000
vn 0.000000 0.000000 100.000000
vn -0.000000 89.500906 -44.604797
vn -0.000000 89.500906 -44.604797
vn -0.000000 92.063564 -39.042286
vn -0.000000 94.280904 -33.333333
vn -0.000000 94.280904 -33.333333
vn -0.000000 92.063564 -39.042286
vn 0.000000 -98.622997 -16.537968
vn 0.000000 -98.622997 -16.537968
vn 0.000000 -99.997149 0.755088
vn 0.000000 -99.997149 0.755088
vn 0.000000 -98.362006 18.025420
vn 0.000000 -98.362006 18.025420
vn 0.000000 -93.766776 34.753299
vn 0.000000 -93.766776 34.753299
vn 0.000000 -86.349746 50.435319
vn 0.000000 -86.349746 50.435319
vn 0.000000 -76.334123 64.599548
vn 0.000000 -76.334123 64.599548
vn 0.000000 -64.021317 76.819731
vn 0.000000 -64.021317 76.819731
vn 0.000000 -49.781865 86.728115
vn 0.000000 -49.781865 86.728115
vn 0.000000 -34.044287 94.026520
vn 0.000000 -34.044287 94.026520
vn 0.000000 -17.282187 98.495310
vn 0.000000 -17.282187 98.495310
vn 0.000000 17.282187 98.495310
vn 0.000000 17.282187 98.495310
vn 0.000000 34.044287 94.026520
vn 0.000000 34.044287 94.026520
vn 0.000000 49.781865 86.728115
vn 0.000000 49.781865 86.728115
vn 0.000000 64.021317 76.819731
vn 0.000000 64.021317 76.819731
vn 0.000000 76.334123 64.599548
vn 0.000000 76.334123 64.599548
vn -0.000000 86.349746 50.435319
vn -0.000000 86.349746 50.435319
vn -0.000000 93.766776 34.753299
vn -0.000000 93.766776 34.753299
vn -0.000000 98.362006 18.025420
vn -0.000000 98.362006 18.025420
vn -0.000000 99.997149 0.755088
vn -0.000000 99.997149 0.755088
vn -0.000000 98.622997 -16.537968
vn -0.000000 98.622997 -16.537968
f 441/933/913 442/934/914 540/935/915
f 540/935/915 442/934/914 539/936/916
f 539/936/916 442/934/914 443/937/917
f 539/936/916 443/937/917 538/938/918
f 538/938/918 443/937/917 444/939/919
f 538/938/918 444/939/919 537/940/920
f 537/940/920 444/939/919 445/941/921
f 537/940/920 445/941/921 536/942/922
f 536/942/922 445/941/921 446/943/923
f 536/942/922 446/943/923 535/944/924
f 535/944/924 446/943/923 447/945/925
f 535/944/924 447/945/925 534/946/926
f 534/946/926 447/945/925 448/947/927
f 534/946/926 448/947/927 533/948/928
f 533/948/928 448/947/927 449/949/929
f 533/948/928 449/949/929 532/950/930
f 532/950/930 449/949/929 450/951/931
f 532/950/930 450/951/931 531/952/932
f 531/952/932 450/951/931 451/953/933
f 531/952/932 451/953/933 530/954/934
f 530/954/934 451/953/933 452/955/935
f 530/954/934 452/955/935 529/956/936
f 529/956/936 452/955/935 453/957/937
f 529/956/936 453/957/937 528/958/938
f 528/958/938 453/957/937 454/959/939
f 528/958/938 454/959/939 527/960/940
f 527/960/940 454/959/939 455/961/941
f 527/960/940 455/961/941 526/962/942
f 526/962/942 455/961/941 456/963/943
f 526/962/942 456/963/943 525/964/944
f 525/964/944 456/963/943 457/965/945
f 525/964/944 457/965/945 524/966/946
f 524/966/946 457/965/945 458/967/947
f 524/966/946 458/967/947 523/968/948
f 523/968/948 458/967/947 459/969/949
f 523/968/948 459/969/949 522/970/950
f 522/970/950 459/969/949 521/971/951
f 521/971/951 459/969/949 460/972/952
f 521/971/951 460/972/952 520/973/953
f 520/973/953 460/972/952 461/974/954
f 520/973/953 461/974/954 519/975/955
f 519/975/955 461/974/954 462/976/956
f 519/975/955 462/976/956 518/977/957
f 518/977/957 462/976/956 463/978/958
f 518/977/957 463/978/958 517/979/959
f 517/979/959 463/978/958 464/980/960
f 517/979/959 464/980/960 516/981/961
f 516/981/961 464/980/960 465/982/962
f 516/981/961 465/982/962 515/983/963
f 515/983/963 465/982/962 466/984/964
f 515/983/963 466/984/964 514/985/965
f 514/985/965 466/984/964 467/986/966
f 514/985/965 467/986/966 513/987/967
f 513/987/967 467/986/966 468/988/968
f 513/987/967 468/988/968 512/989/969
f 512/989/969 468/988/968 469/990/970
f 512/989/969 469/990/970 511/991/971
f 511/991/971 469/990/970 470/992/972
f 511/991/971 470/992/972 510/993/973
f 510/993/973 470/992/972 471/994/974
f 510/993/973 471/994/974 509/995/975
f 509/995/975 471/994/974 472/996/976
f 509/995/975 472/996/976 508/997/977
f 508/997/977 472/996/976 473/998/978
f 508/997/977 473/998/978 507/999/979
f 507/999/979 473/998/978 474/1000/980
f 507/999/979 474/1000/980 506/1001/981
f 506/1001/981 474/1000/980 475/1002/982
f 506/1001/981 475/1002/982 505/1003/983
f 505/1003/983 475/1002/982 476/1004/984
f 505/1003/983 476/1004/984 504/1005/985
f 504/1005/985 476/1004/984 477/1006/986
f 504/1005/985 477/1006/986 503/1007/987
f 503/1007/987 477/1006/986 478/1008/988
f 503/1007/987 478/1008/988 502/1009/989
f 502/1009/989 478/1008/988 479/1010/990
f 502/1009/989 479/1010/990 501/1011/991
f 501/1011/991 479/1010/990 480/1012/992
f 501/1011/991 480/1012/992 500/1013/993
f 500/1013/993 480/1012/992 481/1014/994
f 500/1013/993 481/1014/994 499/1015/995
f 499/1015/995 481/1014/994 482/1016/996
f 499/1015/995 482/1016/996 498/1017/997
f 498/1017/997 482/1016/996 483/1018/998
f 498/1017/997 483/1018/998 497/1019/999
f 497/1019/999 483/1018/998 484/1020/1000
f 497/1019/999 484/1020/1000 496/1021/1001
f 496/1021/1001 484/1020/1000 485/1022/1002
f 496/1021/1001 485/1022/1002 495/1023/1003
f 495/1023/1003 485/1022/1002 486/1024/1004
f 495/1023/1003 486/1024/1004 494/1025/1005
f 494/1025/1005 486/1024/1004 487/1026/1006
f 494/1025/1005 487/1026/1006 493/1027/1007
f 493/1027/1007 487/1026/1006 488/1028/1008
f 493/1027/1007 488/1028/1008 492/1029/1009
f 492/1029/1009 488/1028/1008 489/1030/1010
f 492/1029/1009 489/1030/1010 491/1031/1011
f 491/1031/1011 489/1030/1010 490/1032/1012
f 541/1033/1013 542/1034/1014 490/1035/1012
f 490/1035/1012 542/1034/1014 491/1036/1011
f 543/1037/1015 544/1038/1016 541/1039/1017
f 541/1039/1017 544/1038/1016 542/1040/1018
f 545/1041/1019 546/1042/1020 543/1043/1021
f 543/1043/1021 546/1042/1020 544/1044/1022
f 547/1045/1023 548/1046/1024 545/1047/1025
f 545/1047/1025 548/1046/1024 546/1048/1026
f 549/1049/1027 550/1050/1028 547/1051/1029
f 547/1051/1029 550/1050/1028 548/1052/1030
f 549/1053/1027 551/1054/1031 550/1055/1028
f 550/1055/1028 551/1054/1031 646/1056/1032
f 646/1056/1032 551/1054/1031 552/1057/1033
f 646/1056/1032 552/1057/1033 645/1058/1034
f 645/1058/1034 552/1057/1033 553/1059/1035
f 645/1058/1034 553/1059/1035 644/1060/1036
f 644/1060/1036 553/1059/1035 554/1061/1037
f 644/1060/1036 554/1061/1037 643/1062/1038
f 643/1062/1038 554/1061/1037 555/1063/1039
f 643/1062/1038 555/1063/1039 642/1064/1040
f 642/1064/1040 555/1063/1039 556/1065/1041
f 642/1064/1040 556/1065/1041 641/1066/1042
f 641/1066/1042 556/1065/1041 557/1067/1043
f 641/1066/1042 557/1067/1043 640/1068/1044
f 640/1068/1044 557/1067/1043 558/1069/1045
f 640/1068/1044 558/1069/1045 639/1070/1046
f 639/1070/1046 558/1069/1045 559/1071/1047
f 639/1070/1046 559/1071/1047 638/1072/1048
f 638/1072/1048 559/1071/1047 560/1073/1049
f 638/1072/1048 560/1073/1049 637/1074/1050
f 637/1074/1050 560/1073/1049 561/1075/1051
f 637/1074/1050 561/1075/1051 636/1076/1052
f 636/1076/1052 561/1075/1051 562/1077/1053
f 636/1076/1052 562/1077/1053 635/1078/1054
f 635/1078/1054 562/1077/1053 563/1079/1055
f 635/1078/1054 563/1079/1055 634/1080/1056
f 634/1080/1056 563/1079/1055 564/1081/1057
f 634/1080/1056 564/1081/1057 633/1082/1058
f 633/1082/1058 564/1081/1057 565/1083/1059
f 633/1082/1058 565/1083/1059 632/1084/1060
f 632/1084/1060 565/1083/1059 566/1085/1061
f 632/1084/1060 566/1085/1061 631/1086/1062
f 631/1086/1062 566/1085/1061 567/1087/1063
f 631/1086/1062 567/1087/1063 630/1088/1064
f 630/1088/1064 567/1087/1063 568/1089/1065
f 630/1088/1064 568/1089/1065 629/1090/1066
f 629/1090/1066 568/1089/1065 569/1091/1067
f 629/1090/1066 569/1091/1067 628/1092/1068
f 628/1092/1068 569/1091/1067 570/1093/1069
f 628/1092/1068 570/1093/1069 627/1094/1070
f 627/1094/1070 570/1093/1069 571/1095/1071
f 627/1094/1070 571/1095/1071 626/1096/1072
f 626/1096/1072 571/1095/1071 572/1097/1073
f 626/1096/1072 572/1097/1073 625/1098/1074
f 625/1098/1074 572/1097/1073 573/1099/1075
f 625/1098/1074 573/1099/1075 624/1100/1076
f 624/1100/1076 573/1099/1075 574/1101/1077
f 624/1100/1076 574/1101/1077 623/1102/1078
f 623/1102/1078 574/1101/1077 575/1103/1079
f 623/1102/1078 575/1103/1079 622/1104/1080
f 622/1104/1080 575/1103/1079 576/1105/1081
f 622/1104/1080 576/1105/1081 621/1106/1082
f 621/1106/1082 576/1105/1081 577/1107/1083
f 621/1106/1082 577/1107/1083 620/1108/1084
f 620/1108/1084 577/1107/1083 578/1109/1085
f 620/1108/1084 578/1109/1085 619/1110/1086
f 619/1110/1086 578/1109/1085 579/1111/1087
f 619/1110/1086 579/1111/1087 618/1112/1088
f 618/1112/1088 579/1111/1087 580/1113/1089
f 618/1112/1088 580/1113/1089 617/1114/1090
f 617/1114/1090 580/1113/1089 581/1115/1091
f 617/1114/1090 581/1115/1091 616/1116/1092
f 616/1116/1092 581/1115/1091 615/1117/1093
f 615/1117/1093 581/1115/1091 582/1118/1094
f 615/1117/1093 582/1118/1094 614/1119/1095
f 614/1119/1095 582/1118/1094 583/1120/1096
f 614/1119/1095 583/1120/1096 613/1121/1097
f 613/1121/1097 583/1120/1096 584/1122/1098
f 613/1121/1097 584/1122/1098 612/1123/1099
f 612/1123/1099 584/1122/1098 585/1124/1100
f 612/1123/1099 585/1124/1100 611/1125/1101
f 611/1125/1101 585/1124/1100 586/1126/1102
f 611/1125/1101 586/1126/1102 610/1127/1103
f 610/1127/1103 586/1126/1102 587/1128/1104
f 610/1127/1103 587/1128/1104 609/1129/1105
f 609/1129/1105 587/1128/1104 588/1130/1106
f 609/1129/1105 588/1130/1106 608/1131/1107
f 608/1131/1107 588/1130/1106 589/1132/1108
f 608/1131/1107 589/1132/1108 607/1133/1109
f 607/1133/1109 589/1132/1108 590/1134/1110
f 607/1133/1109 590/1134/1110 606/1135/1111
f 606/1135/1111 590/1134/1110 591/1136/1112
f 606/1135/1111 591/1136/1112 605/1137/1113
f 605/1137/1113 591/1136/1112 592/1138/1114
f 605/1137/1113 592/1138/1114 604/1139/1115
f 604/1139/1115 592/1138/1114 593/1140/1116
f 604/1139/1115 593/1140/1116 603/1141/1117
f 603/1141/1117 593/1140/1116 594/1142/1118
f 603/1141/1117 594/1142/1118 602/1143/1119
f 602/1143/1119 594/1142/1118 595/1144/1120
f 602/1143/1119 595/1144/1120 601/1145/1121
f 601/1145/1121 595/1144/1120 596/1146/1122
f 601/1145/1121 596/1146/1122 600/1147/1123
f 600/1147/1123 596/1146/1122 597/1148/1124
f 600/1147/1123 597/1148/1124 599/1149/1125
f 599/1149/1125 597/1148/1124 598/1150/1126
f 599/1149/1125 598/1150/1126 540/1151/915
f 540/1151/915 598/1150/1126 441/1152/913
f 599/1153/1127 540/1154/1128 685/1155/1129
f 685/1155/1129 540/1154/1128 539/1156/1130
f 685/1155/1129 539/1156/1130 538/1157/1131
f 685/1155/1129 538/1157/1131 684/1158/1132
f 684/1158/1132 538/1157/1131 537/1159/1133
f 684/1158/1132 537/1159/1133 536/1160/1134
f 536/1160/1134 535/1161/1135 684/1158/1132
f 684/1158/1132 535/1161/1135 534/1162/1136
f 684/1158/1132 534/1162/1136 533/1163/1137
f 533/1163/1137 532/1164/1138 684/1158/1132
f 684/1158/1132 532/1164/1138 531/1165/1139
f 684/1158/1132 531/1165/1139 530/1166/1140
f 530/1166/1140 529/1167/1141 684/1158/1132
f 684/1158/1132 529/1167/1141 528/1168/1142
f 684/1158/1132 528/1168/1142 527/1169/1143
f 527/1169/1143 526/1170/1144 684/1158/1132
f 684/1158/1132 526/1170/1144 683/1171/1145
f 683/1171/1145 526/1170/1144 682/1172/1146
f 682/1172/1146 526/1170/1144 681/1173/1147
f 681/1173/1147 526/1170/1144 680/1174/1148
f 680/1174/1148 526/1170/1144 679/1175/1149
f 679/1175/1149 526/1170/1144 678/1176/1150
f 678/1176/1150 526/1170/1144 677/1177/1151
f 677/1177/1151 526/1170/1144 676/1178/1152
f 676/1178/1152 526/1170/1144 675/1179/1153
f 675/1179/1153 526/1170/1144 674/1180/1154
f 674/1180/1154 526/1170/1144 673/1181/1155
f 673/1181/1155 526/1170/1144 672/1182/1156
f 672/1182/1156 526/1170/1144 671/1183/1157
f 671/1183/1157 526/1170/1144 670/1184/1158
f 670/1184/1158 526/1170/1144 669/1185/1159
f 669/1185/1159 526/1170/1144 668/1186/1160
f 668/1186/1160 526/1170/1144 525/1187/1161
f 668/1186/1160 525/1187/1161 667/1188/1162
f 667/1188/1162 525/1187/1161 666/1189/1163
f 666/1189/1163 525/1187/1161 524/1190/1164
f 666/1189/1163 524/1190/1164 665/1191/1165
f 665/1191/1165 524/1190/1164 523/1192/1166
f 665/1191/1165 523/1192/1166 664/1193/1167
f 664/1193/1167 523/1192/1166 522/1194/1168
f 664/1193/1167 522/1194/1168 663/1195/1169
f 663/1195/1169 522/1194/1168 521/1196/1170
f 663/1195/1169 521/1196/1170 662/1197/1171
f 662/1197/1171 521/1196/1170 520/1198/1172
f 662/1197/1171 520/1198/1172 519/1199/1173
f 662/1197/1171 519/1199/1173 661/1200/1174
f 661/1200/1174 519/1199/1173 518/1201/1175
f 661/1200/1174 518/1201/1175 660/1202/1176
f 660/1202/1176 518/1201/1175 517/1203/1177
f 660/1202/1176 517/1203/1177 659/1204/1178
f 659/1204/1178 517/1203/1177 516/1205/1179
f 659/1204/1178 516/1205/1179 658/1206/1180
f 658/1206/1180 516/1205/1179 515/1207/1181
f 658/1206/1180 515/1207/1181 657/1208/1182
f 657/1208/1182 515/1207/1181 514/1209/1183
f 657/1208/1182 514/1209/1183 656/1210/1184
f 656/1210/1184 514/1209/1183 655/1211/1185
f 655/1211/1185 514/1209/1183 513/1212/1186
f 655/1211/1185 513/1212/1186 654/1213/1187
f 654/1213/1187 513/1212/1186 653/1214/1188
f 653/1214/1188 513/1212/1186 652/1215/1189
f 652/1215/1189 513/1212/1186 651/1216/1190
f 651/1216/1190 513/1212/1186 512/1217/1191
f 651/1216/1190 512/1217/1191 650/1218/1192
f 650/1218/1192 512/1217/1191 649/1219/1193
f 649/1219/1193 512/1217/1191 648/1220/1194
f 648/1220/1194 512/1217/1191 647/1221/1195
f 647/1221/1195 512/1217/1191 751/1222/1196
f 751/1222/1196 512/1217/1191 511/1223/1197
f 751/1222/1196 511/1223/1197 750/1224/1198
f 750/1224/1198 511/1223/1197 749/1225/1199
f 749/1225/1199 511/1223/1197 748/1226/1200
f 748/1226/1200 511/1223/1197 747/1227/1201
f 747/1227/1201 511/1223/1197 510/1228/1202
f 747/1227/1201 510/1228/1202 509/1229/1203
f 509/1229/1203 508/1230/1204 747/1227/1201
f 747/1227/1201 508/1230/1204 507/1231/1205
f 747/1227/1201 507/1231/1205 506/1232/1206
f 506/1232/1206 505/1233/1207 747/1227/1201
f 747/1227/1201 505/1233/1207 504/1234/1208
f 747/1227/1201 504/1234/1208 503/1235/1209
f 503/1235/1209 502/1236/1210 747/1227/1201
f 747/1227/1201 502/1236/1210 501/1237/1211
f 747/1227/1201 501/1237/1211 500/1238/1212
f 500/1238/1212 499/1239/1213 747/1227/1201
f 747/1227/1201 499/1239/1213 498/1240/1214
f 747/1227/1201 498/1240/1214 497/1241/1215
f 497/1241/1215 496/1242/1216 747/1227/1201
f 747/1227/1201 496/1242/1216 495/1243/1217
f 747/1227/1201 495/1243/1217 494/1244/1218
f 494/1244/1218 493/1245/1219 747/1227/1201
f 747/1227/1201 493/1245/1219 492/1246/1220
f 747/1227/1201 492/1246/1220 491/1247/1221
f 491/1247/1221 542/1248/1222 747/1227/1201
f 747/1227/1201 542/1248/1222 746/1249/1223
f 746/1249/1223 542/1248/1222 745/1250/1224
f 745/1250/1224 542/1248/1222 744/1251/1225
f 744/1251/1225 542/1248/1222 544/1252/1226
f 744/1251/1225 544/1252/1226 743/1253/1227
f 743/1253/1227 544/1252/1226 742/1254/1228
f 742/1254/1228 544/1252/1226 741/1255/1229
f 741/1255/1229 544/1252/1226 740/1256/1230
f 740/1256/1230 544/1252/1226 739/1257/1231
f 739/1257/1231 544/1252/1226 738/1258/1232
f 738/1258/1232 544/1252/1226 546/1259/1233
f 738/1258/1232 546/1259/1233 737/1260/1234
f 737/1260/1234 546/1259/1233 736/1261/1235
f 736/1261/1235 546/1259/1233 735/1262/1236
f 735/1262/1236 546/1259/1233 734/1263/1237
f 734/1263/1237 546/1259/1233 733/1264/1238
f 733/1264/1238 546/1259/1233 732/1265/1239
f 732/1265/1239 546/1259/1233 731/1266/1240
f 731/1266/1240 546/1259/1233 548/1267/1241
f 731/1266/1240 548/1267/1241 730/1268/1242
f 730/1268/1242 548/1267/1241 729/1269/1243
f 729/1269/1243 548/1267/1241 728/1270/1244
f 728/1270/1244 548/1267/1241 550/1271/1245
f 728/1270/1244 550/1271/1245 646/1272/1246
f 646/1272/1246 645/1273/1247 728/1270/1244
f 728/1270/1244 645/1273/1247 644/1274/1248
f 728/1270/1244 644/1274/1248 643/1275/1249
f 643/1275/1249 642/1276/1250 728/1270/1244
f 728/1270/1244 642/1276/1250 641/1277/1251
f 728/1270/1244 641/1277/1251 640/1278/1252
f 640/1278/1252 639/1279/1253 728/1270/1244
f 728/1270/1244 639/1279/1253 638/1280/1254
f 728/1270/1244 638/1280/1254 637/1281/1255
f 637/1281/1255 636/1282/1256 728/1270/1244
f 728/1270/1244 636/1282/1256 635/1283/1257
f 728/1270/1244 635/1283/1257 634/1284/1258
f 634/1284/1258 633/1285/1259 728/1270/1244
f 728/1270/1244 633/1285/1259 632/1286/1260
f 728/1270/1244 632/1286/1260 631/1287/1261
f 631/1287/1261 630/1288/1262 728/1270/1244
f 728/1270/1244 630/1288/1262 629/1289/1263
f 728/1270/1244 629/1289/1263 628/1290/1264
f 628/1290/1264 627/1291/1265 728/1270/1244
f 728/1270/1244 627/1291/1265 727/1292/1266
f 727/1292/1266 627/1291/1265 726/1293/1267
f 726/1293/1267 627/1291/1265 725/1294/1268
f 725/1294/1268 627/1291/1265 724/1295/1269
f 724/1295/1269 627/1291/1265 723/1296/1270
f 723/1296/1270 627/1291/1265 722/1297/1271
f 722/1297/1271 627/1291/1265 721/1298/1272
f 721/1298/1272 627/1291/1265 720/1299/1273
f 720/1299/1273 627/1291/1265 719/1300/1274
f 719/1300/1274 627/1291/1265 718/1301/1275
f 718/1301/1275 627/1291/1265 717/1302/1276
f 717/1302/1276 627/1291/1265 716/1303/1277
f 716/1303/1277 627/1291/1265 715/1304/1278
f 715/1304/1278 627/1291/1265 714/1305/1279
f 714/1305/1279 627/1291/1265 713/1306/1280
f 713/1306/1280 627/1291/1265 712/1307/1281
f 712/1307/1281 627/1291/1265 711/1308/1282
f 711/1308/1282 627/1291/1265 710/1309/1283
f 710/1309/1283 627/1291/1265 709/1310/1284
f 709/1310/1284 627/1291/1265 708/1311/1285
f 708/1311/1285 627/1291/1265 707/1312/1286
f 707/1312/1286 627/1291/1265 706/1313/1287
f 706/1313/1287 627/1291/1265 705/1314/1288
f 705/1314/1288 627/1291/1265 704/1315/1289
f 704/1315/1289 627/1291/1265 703/1316/1290
f 703/1316/1290 627/1291/1265 702/1317/1291
f 702/1317/1291 627/1291/1265 701/1318/1292
f 701/1318/1292 627/1291/1265 700/1319/1293
f 700/1319/1293 627/1291/1265 699/1320/1294
f 699/1320/1294 627/1291/1265 698/1321/1295
f 698/1321/1295 627/1291/1265 697/1322/1296
f 697/1322/1296 627/1291/1265 696/1323/1297
f 696/1323/1297 627/1291/1265 695/1324/1298
f 695/1324/1298 627/1291/1265 694/1325/1299
f 694/1325/1299 627/1291/1265 693/1326/1300
f 693/1326/1300 627/1291/1265 692/1327/1301
f 692/1327/1301 627/1291/1265 626/1328/1302
f 692/1327/1301 626/1328/1302 691/1329/1303
f 691/1329/1303 626/1328/1302 625/1330/1304
f 691/1329/1303 625/1330/1304 690/1331/1305
f 690/1331/1305 625/1330/1304 624/1332/1306
f 690/1331/1305 624/1332/1306 689/1333/1307
f 689/1333/1307 624/1332/1306 623/1334/1308
f 689/1333/1307 623/1334/1308 622/1335/1309
f 689/1333/1307 622/1335/1309 688/1336/1310
f 688/1336/1310 622/1335/1309 621/1337/1311
f 688/1336/1310 621/1337/1311 620/1338/1312
f 688/1336/1310 620/1338/1312 687/1339/1313
f 687/1339/1313 620/1338/1312 619/1340/1314
f 687/1339/1313 619/1340/1314 618/1341/1315
f 618/1341/1315 617/1342/1316 687/1339/1313
f 687/1339/1313 617/1342/1316 616/1343/1317
f 687/1339/1313 616/1343/1317 615/1344/1318
f 687/1339/1313 615/1344/1318 686/1345/1319
f 686/1345/1319 615/1344/1318 614/1346/1320
f 686/1345/1319 614/1346/1320 613/1347/1321
f 613/1347/1321 612/1348/1322 686/1345/1319
f 686/1345/1319 612/1348/1322 611/1349/1323
f 686/1345/1319 611/1349/1323 610/1350/1324
f 610/1350/1324 609/1351/1325 686/1345/1319
f 686/1345/1319 609/1351/1325 608/1352/1326
f 686/1345/1319 608/1352/1326 607/1353/1327
f 607/1353/1327 606/1354/1328 686/1345/1319
f 686/1345/1319 606/1354/1328 605/1355/1329
f 686/1345/1319 605/1355/1329 604/1356/1330
f 604/1356/1330 603/1357/1331 686/1345/1319
f 686/1345/1319 603/1357/1331 602/1358/1332
f 686/1345/1319 602/1358/1332 601/1359/1333
f 601/1359/1333 600/1360/1334 686/1345/1319
f 686/1345/1319 600/1360/1334 685/1155/1129
f 685/1155/1129 600/1360/1334 599/1153/1127
f 541/1361/1335 490/1362/1336 543/1363/1337
f 543/1363/1337 490/1362/1336 489/1364/1338
f 543/1363/1337 489/1364/1338 488/1365/1339
f 488/1365/1339 487/1366/1340 543/1363/1337
f 543/1363/1337 487/1366/1340 486/1367/1341
f 543/1363/1337 486/1367/1341 485/1368/1342
f 485/1368/1342 484/1369/1343 543/1363/1337
f 543/1363/1337 484/1369/1343 483/1370/1344
f 543/1363/1337 483/1370/1344 482/1371/1345
f 482/1371/1345 481/1372/1346 543/1363/1337
f 543/1363/1337 481/1372/1346 480/1373/1347
f 543/1363/1337 480/1373/1347 479/1374/1348
f 479/1374/1348 478/1375/1349 543/1363/1337
f 543/1363/1337 478/1375/1349 477/1376/1350
f 543/1363/1337 477/1376/1350 476/1377/1351
f 476/1377/1351 475/1378/1352 543/1363/1337
f 543/1363/1337 475/1378/1352 474/1379/1353
f 543/1363/1337 474/1379/1353 473/1380/1354
f 473/1380/1354 472/1381/1355 543/1363/1337
f 543/1363/1337 472/1381/1355 471/1382/1356
f 543/1363/1337 471/1382/1356 470/1383/1357
f 469/1384/1358 829/1385/1359 470/1383/1357
f 470/1383/1357 829/1385/1359 830/1386/1360
f 470/1383/1357 830/1386/1360 831/1387/1361
f 468/1388/1362 824/1389/1363 469/1384/1358
f 469/1384/1358 824/1389/1363 825/1390/1364
f 469/1384/1358 825/1390/1364 826/1391/1365
f 467/1392/1366 820/1393/1367 468/1388/1362
f 468/1388/1362 820/1393/1367 821/1394/1368
f 468/1388/1362 821/1394/1368 822/1395/1369
f 466/1396/1370 818/1397/1371 467/1392/1366
f 467/1392/1366 818/1397/1371 819/1398/1372
f 467/1392/1366 819/1398/1372 820/1393/1367
f 818/1397/1371 466/1396/1370 817/1399/1373
f 817/1399/1373 466/1396/1370 465/1400/1374
f 817/1399/1373 465/1400/1374 816/1401/1375
f 816/1401/1375 465/1400/1374 815/1402/1376
f 815/1402/1376 465/1400/1374 814/1403/1377
f 814/1403/1377 465/1400/1374 813/1404/1378
f 813/1404/1378 465/1400/1374 812/1405/1379
f 812/1405/1379 465/1400/1374 811/1406/1380
f 811/1406/1380 465/1400/1374 810/1407/1381
f 810/1407/1381 465/1400/1374 809/1408/1382
f 809/1408/1382 465/1400/1374 808/1409/1383
f 808/1409/1383 465/1400/1374 807/1410/1384
f 807/1410/1384 465/1400/1374 806/1411/1385
f 806/1411/1385 465/1400/1374 805/1412/1386
f 805/1412/1386 465/1400/1374 804/1413/1387
f 804/1413/1387 465/1400/1374 803/1414/1388
f 803/1414/1388 465/1400/1374 802/1415/1389
f 802/1415/1389 465/1400/1374 801/1416/1390
f 801/1416/1390 465/1400/1374 800/1417/1391
f 800/1417/1391 465/1400/1374 464/1418/1392
f 800/1417/1391 464/1418/1392 799/1419/1393
f 799/1419/1393 464/1418/1392 798/1420/1394
f 798/1420/1394 464/1418/1392 797/1421/1395
f 797/1421/1395 464/1418/1392 796/1422/1396
f 796/1422/1396 464/1418/1392 795/1423/1397
f 795/1423/1397 464/1418/1392 794/1424/1398
f 794/1424/1398 464/1418/1392 793/1425/1399
f 793/1425/1399 464/1418/1392 463/1426/1400
f 793/1425/1399 463/1426/1400 792/1427/1401
f 792/1427/1401 463/1426/1400 462/1428/1402
f 792/1427/1401 462/1428/1402 461/1429/1403
f 461/1429/1403 460/1430/1404 792/1427/1401
f 792/1427/1401 460/1430/1404 459/1431/1405
f 792/1427/1401 459/1431/1405 458/1432/1406
f 792/1427/1401 458/1432/1406 791/1433/1407
f 791/1433/1407 458/1432/1406 457/1434/1408
f 791/1433/1407 457/1434/1408 456/1435/1409
f 456/1435/1409 455/1436/1410 791/1433/1407
f 791/1433/1407 455/1436/1410 454/1437/1411
f 791/1433/1407 454/1437/1411 453/1438/1412
f 453/1438/1412 452/1439/1413 791/1433/1407
f 791/1433/1407 452/1439/1413 451/1440/1414
f 791/1433/1407 451/1440/1414 450/1441/1415
f 450/1441/1415 449/1442/1416 791/1433/1407
f 791/1433/1407 449/1442/1416 448/1443/1417
f 791/1433/1407 448/1443/1417 447/1444/1418
f 447/1444/1418 446/1445/1419 791/1433/1407
f 791/1433/1407 446/1445/1419 445/1446/1420
f 791/1433/1407 445/1446/1420 444/1447/1421
f 444/1447/1421 443/1448/1422 791/1433/1407
f 791/1433/1407 443/1448/1422 790/1449/1423
f 790/1449/1423 443/1448/1422 442/1450/1424
f 790/1449/1423 442/1450/1424 441/1451/1425
f 441/1451/1425 598/1452/1426 790/1449/1423
f 790/1449/1423 598/1452/1426 597/1453/1427
f 790/1449/1423 597/1453/1427 789/1454/1428
f 789/1454/1428 597/1453/1427 596/1455/1429
f 789/1454/1428 596/1455/1429 595/1456/1430
f 595/1456/1430 594/1457/1431 789/1454/1428
f 789/1454/1428 594/1457/1431 593/1458/1432
f 789/1454/1428 593/1458/1432 592/1459/1433
f 592/1459/1433 591/1460/1434 789/1454/1428
f 789/1454/1428 591/1460/1434 590/1461/1435
f 789/1454/1428 590/1461/1435 589/1462/1436
f 589/1462/1436 588/1463/1437 789/1454/1428
f 789/1454/1428 588/1463/1437 587/1464/1438
f 789/1454/1428 587/1464/1438 586/1465/1439
f 586/1465/1439 585/1466/1440 789/1454/1428
f 789/1454/1428 585/1466/1440 584/1467/1441
f 789/1454/1428 584/1467/1441 583/1468/1442
f 583/1468/1442 582/1469/1443 789/1454/1428
f 789/1454/1428 582/1469/1443 788/1470/1444
f 788/1470/1444 582/1469/1443 581/1471/1445
f 788/1470/1444 581/1471/1445 580/1472/1446
f 580/1472/1446 579/1473/1447 788/1470/1444
f 788/1470/1444 579/1473/1447 578/1474/1448
f 788/1470/1444 578/1474/1448 577/1475/1449
f 788/1470/1444 577/1475/1449 787/1476/1450
f 787/1476/1450 577/1475/1449 576/1477/1451
f 787/1476/1450 576/1477/1451 575/1478/1452
f 787/1476/1450 575/1478/1452 786/1479/1453
f 786/1479/1453 575/1478/1452 574/1480/1454
f 786/1479/1453 574/1480/1454 573/1481/1455
f 786/1479/1453 573/1481/1455 785/1482/1456
f 785/1482/1456 573/1481/1455 572/1483/1457
f 785/1482/1456 572/1483/1457 784/1484/1458
f 784/1484/1458 572/1483/1457 571/1485/1459
f 784/1484/1458 571/1485/1459 783/1486/1460
f 783/1486/1460 571/1485/1459 570/1487/1461
f 783/1486/1460 570/1487/1461 782/1488/1462
f 782/1488/1462 570/1487/1461 781/1489/1463
f 781/1489/1463 570/1487/1461 780/1490/1464
f 780/1490/1464 570/1487/1461 779/1491/1465
f 779/1491/1465 570/1487/1461 778/1492/1466
f 778/1492/1466 570/1487/1461 777/1493/1467
f 777/1493/1467 570/1487/1461 776/1494/1468
f 776/1494/1468 570/1487/1461 775/1495/1469
f 775/1495/1469 570/1487/1461 774/1496/1470
f 774/1496/1470 570/1487/1461 773/1497/1471
f 773/1497/1471 570/1487/1461 772/1498/1472
f 772/1498/1472 570/1487/1461 771/1499/1473
f 771/1499/1473 570/1487/1461 770/1500/1474
f 770/1500/1474 570/1487/1461 769/1501/1475
f 769/1501/1475 570/1487/1461 768/1502/1476
f 768/1502/1476 570/1487/1461 767/1503/1477
f 767/1503/1477 570/1487/1461 766/1504/1478
f 766/1504/1478 570/1487/1461 765/1505/1479
f 765/1505/1479 570/1487/1461 764/1506/1480
f 764/1506/1480 570/1487/1461 763/1507/1481
f 763/1507/1481 570/1487/1461 762/1508/1482
f 762/1508/1482 570/1487/1461 761/1509/1483
f 761/1509/1483 570/1487/1461 760/1510/1484
f 760/1510/1484 570/1487/1461 759/1511/1485
f 759/1511/1485 570/1487/1461 758/1512/1486
f 758/1512/1486 570/1487/1461 757/1513/1487
f 757/1513/1487 570/1487/1461 756/1514/1488
f 756/1514/1488 570/1487/1461 755/1515/1489
f 755/1515/1489 570/1487/1461 754/1516/1490
f 754/1516/1490 570/1487/1461 753/1517/1491
f 753/1517/1491 570/1487/1461 752/1518/1492
f 752/1518/1492 570/1487/1461 856/1519/1493
f 856/1519/1493 570/1487/1461 855/1520/1494
f 855/1520/1494 570/1487/1461 854/1521/1495
f 854/1521/1495 570/1487/1461 853/1522/1496
f 853/1522/1496 570/1487/1461 852/1523/1497
f 852/1523/1497 570/1487/1461 569/1524/1498
f 852/1523/1497 569/1524/1498 851/1525/1499
f 851/1525/1499 569/1524/1498 568/1526/1500
f 851/1525/1499 568/1526/1500 850/1527/1501
f 850/1527/1501 568/1526/1500 567/1528/1502
f 850/1527/1501 567/1528/1502 566/1529/1503
f 850/1527/1501 566/1529/1503 849/1530/1504
f 849/1530/1504 566/1529/1503 565/1531/1505
f 849/1530/1504 565/1531/1505 564/1532/1506
f 849/1530/1504 564/1532/1506 848/1533/1507
f 848/1533/1507 564/1532/1506 563/1534/1508
f 848/1533/1507 563/1534/1508 562/1535/1509
f 848/1533/1507 562/1535/1509 847/1536/1510
f 847/1536/1510 562/1535/1509 561/1537/1511
f 847/1536/1510 561/1537/1511 560/1538/1512
f 560/1538/1512 559/1539/1513 847/1536/1510
f 847/1536/1510 559/1539/1513 846/1540/1514
f 846/1540/1514 559/1539/1513 558/1541/1515
f 846/1540/1514 558/1541/1515 557/1542/1516
f 557/1542/1516 556/1543/1517 846/1540/1514
f 846/1540/1514 556/1543/1517 555/1544/1518
f 846/1540/1514 555/1544/1518 554/1545/1519
f 554/1545/1519 553/1546/1520 846/1540/1514
f 846/1540/1514 553/1546/1520 845/1547/1521
f 845/1547/1521 553/1546/1520 552/1548/1522
f 845/1547/1521 552/1548/1522 551/1549/1523
f 551/1549/1523 549/1550/1524 845/1547/1521
f 845/1547/1521 549/1550/1524 545/1551/1525
f 845/1547/1521 545/1551/1525 844/1552/1526
f 844/1552/1526 545/1551/1525 843/1553/1527
f 843/1553/1527 545/1551/1525 543/1363/1337
f 843/1553/1527 543/1363/1337 842/1554/1528
f 842/1554/1528 543/1363/1337 841/1555/1529
f 841/1555/1529 543/1363/1337 840/1556/1530
f 840/1556/1530 543/1363/1337 839/1557/1531
f 839/1557/1531 543/1363/1337 838/1558/1532
f 838/1558/1532 543/1363/1337 837/1559/1533
f 837/1559/1533 543/1363/1337 836/1560/1534
f 836/1560/1534 543/1363/1337 835/1561/1535
f 835/1561/1535 543/1363/1337 834/1562/1536
f 834/1562/1536 543/1363/1337 833/1563/1537
f 833/1563/1537 543/1363/1337 470/1383/1357
f 833/1563/1537 470/1383/1357 832/1564/1538
f 832/1564/1538 470/1383/1357 831/1387/1361
f 549/1550/1524 547/1565/1539 545/1551/1525
f 822/1395/1369 823/1566/1540 468/1388/1362
f 468/1388/1362 823/1566/1540 824/1389/1363
f 826/1391/1365 827/1567/1541 469/1384/1358
f 469/1384/1358 827/1567/1541 828/1568/1542
f 469/1384/1358 828/1568/1542 829/1385/1359
f 685/1569/1543 790/1570/1544 686/1571/1545
f 686/1571/1545 790/1570/1544 789/1572/1546
f 686/1571/1545 789/1572/1546 687/1573/1547
f 687/1573/1547 789/1572/1546 788/1574/1548
f 687/1573/1547 788/1574/1548 688/1575/1549
f 688/1575/1549 788/1574/1548 787/1576/1550
f 688/1575/1549 787/1576/1550 689/1577/1551
f 689/1577/1551 787/1576/1550 786/1578/1552
f 689/1577/1551 786/1578/1552 690/1579/1553
f 690/1579/1553 786/1578/1552 785/1580/1554
f 690/1579/1553 785/1580/1554 691/1581/1555
f 691/1581/1555 785/1580/1554 784/1582/1556
f 691/1581/1555 784/1582/1556 692/1583/1557
f 692/1583/1557 784/1582/1556 783/1584/1558
f 692/1583/1557 783/1584/1558 693/1585/1559
f 693/1585/1559 783/1584/1558 782/1586/1560
f 693/1585/1559 782/1586/1560 694/1587/1561
f 694/1587/1561 782/1586/1560 781/1588/1562
f 694/1587/1561 781/1588/1562 695/1589/1563
f 695/1589/1563 781/1588/1562 780/1590/1564
f 695/1589/1563 780/1590/1564 696/1591/1565
f 696/1591/1565 780/1590/1564 779/1592/1566
f 696/1591/1565 779/1592/1566 697/1593/1567
f 697/1593/1567 779/1592/1566 778/1594/1568
f 697/1593/1567 778/1594/1568 698/1595/1569
f 698/1595/1569 778/1594/1568 777/1596/1570
f 698/1595/1569 777/1596/1570 699/1597/1571
f 699/1597/1571 777/1596/1570 776/1598/1572
f 699/1597/1571 776/1598/1572 700/1599/1573
f 700/1599/1573 776/1598/1572 775/1600/1574
f 700/1599/1573 775/1600/1574 701/1601/1575
f 701/1601/1575 775/1600/1574 774/1602/1576
f 701/1601/1575 774/1602/1576 702/1603/1577
f 702/1603/1577 774/1602/1576 773/1604/1578
f 702/1603/1577 773/1604/1578 703/1605/1579
f 703/1605/1579 773/1604/1578 772/1606/1580
f 703/1605/1579 772/1606/1580 704/1607/1581
f 704/1607/1581 772/1606/1580 771/1608/1582
f 704/1607/1581 771/1608/1582 705/1609/1583
f 705/1609/1583 771/1608/1582 770/1610/1584
f 705/1609/1583 770/1610/1584 706/1611/1585
f 706/1611/1585 770/1610/1584 769/1612/1586
f 706/1611/1585 769/1612/1586 707/1613/1587
f 707/1613/1587 769/1612/1586 768/1614/1588
f 707/1613/1587 768/1614/1588 708/1615/1589
f 708/1615/1589 768/1614/1588 767/1616/1590
f 708/1615/1589 767/1616/1590 709/1617/1591
f 709/1617/1591 767/1616/1590 766/1618/1592
f 709/1617/1591 766/1618/1592 765/1619/1593
f 709/1617/1591 765/1619/1593 710/1620/1594
f 710/1620/1594 765/1619/1593 764/1621/1595
f 710/1620/1594 764/1621/1595 711/1622/1596
f 711/1622/1596 764/1621/1595 763/1623/1597
f 711/1622/1596 763/1623/1597 712/1624/1598
f 712/1624/1598 763/1623/1597 762/1625/1599
f 712/1624/1598 762/1625/1599 713/1626/1600
f 713/1626/1600 762/1625/1599 761/1627/1601
f 713/1626/1600 761/1627/1601 714/1628/1602
f 714/1628/1602 761/1627/1601 760/1629/1603
f 714/1628/1602 760/1629/1603 715/1630/1604
f 715/1630/1604 760/1629/1603 759/1631/1605
f 715/1630/1604 759/1631/1605 716/1632/1606
f 716/1632/1606 759/1631/1605 758/1633/1607
f 716/1632/1606 758/1633/1607 717/1634/1608
f 717/1634/1608 758/1633/1607 757/1635/1609
f 717/1634/1608 757/1635/1609 718/1636/1610
f 718/1636/1610 757/1635/1609 756/1637/1611
f 718/1636/1610 756/1637/1611 719/1638/1612
f 719/1638/1612 756/1637/1611 755/1639/1613
f 719/1638/1612 755/1639/1613 720/1640/1614
f 720/1640/1614 755/1639/1613 754/1641/1615
f 720/1640/1614 754/1641/1615 721/1642/1616
f 721/1642/1616 754/1641/1615 753/1643/1617
f 721/1642/1616 753/1643/1617 722/1644/1618
f 722/1644/1618 753/1643/1617 752/1645/1619
f 722/1644/1618 752/1645/1619 723/1646/1620
f 647/1647/1621 828/1648/1622 648/1649/1623
f 648/1649/1623 828/1648/1622 827/1650/1624
f 648/1649/1623 827/1650/1624 649/1651/1625
f 649/1651/1625 827/1650/1624 826/1652/1626
f 649/1651/1625 826/1652/1626 650/1653/1627
f 650/1653/1627 826/1652/1626 825/1654/1628
f 650/1653/1627 825/1654/1628 651/1655/1629
f 651/1655/1629 825/1654/1628 824/1656/1630
f 651/1655/1629 824/1656/1630 652/1657/1631
f 652/1657/1631 824/1656/1630 823/1658/1632
f 652/1657/1631 823/1658/1632 653/1659/1633
f 653/1659/1633 823/1658/1632 822/1660/1634
f 653/1659/1633 822/1660/1634 654/1661/1635
f 654/1661/1635 822/1660/1634 821/1662/1636
f 654/1661/1635 821/1662/1636 655/1663/1637
f 655/1663/1637 821/1662/1636 820/1664/1638
f 655/1663/1637 820/1664/1638 656/1665/1639
f 656/1665/1639 820/1664/1638 819/1666/1640
f 656/1665/1639 819/1666/1640 657/1667/1641
f 657/1667/1641 819/1666/1640 818/1668/1642
f 657/1667/1641 818/1668/1642 658/1669/1643
f 658/1669/1643 818/1668/1642 817/1670/1644
f 658/1669/1643 817/1670/1644 659/1671/1645
f 659/1671/1645 817/1670/1644 816/1672/1646
f 659/1671/1645 816/1672/1646 660/1673/1647
f 660/1673/1647 816/1672/1646 815/1674/1648
f 660/1673/1647 815/1674/1648 661/1675/1649
f 661/1675/1649 815/1674/1648 814/1676/1650
f 661/1675/1649 814/1676/1650 813/1677/1651
f 661/1675/1649 813/1677/1651 662/1678/1652
f 662/1678/1652 813/1677/1651 812/1679/1653
f 662/1678/1652 812/1679/1653 663/1680/1654
f 663/1680/1654 812/1679/1653 811/1681/1655
f 663/1680/1654 811/1681/1655 664/1682/1656
f 664/1682/1656 811/1681/1655 810/1683/1657
f 664/1682/1656 810/1683/1657 665/1684/1658
f 665/1684/1658 810/1683/1657 809/1685/1659
f 665/1684/1658 809/1685/1659 666/1686/1660
f 666/1686/1660 809/1685/1659 808/1687/1661
f 666/1686/1660 808/1687/1661 667/1688/1662
f 667/1688/1662 808/1687/1661 807/1689/1663
f 667/1688/1662 807/1689/1663 668/1690/1664
f 668/1690/1664 807/1689/1663 806/1691/1665
f 668/1690/1664 806/1691/1665 669/1692/1666
f 669/1692/1666 806/1691/1665 805/1693/1667
f 669/1692/1666 805/1693/1667 670/1694/1668
f 670/1694/1668 805/1693/1667 804/1695/1669
f 670/1694/1668 804/1695/1669 671/1696/1670
f 671/1696/1670 804/1695/1669 803/1697/1671
f 671/1696/1670 803/1697/1671 672/1698/1672
f 672/1698/1672 803/1697/1671 802/1699/1673
f 672/1698/1672 802/1699/1673 673/1700/1674
f 673/1700/1674 802/1699/1673 801/1701/1675
f 673/1700/1674 801/1701/1675 674/1702/1676
f 674/1702/1676 801/1701/1675 800/1703/1677
f 674/1702/1676 800/1703/1677 675/1704/1678
f 675/1704/1678 800/1703/1677 799/1705/1679
f 675/1704/1678 799/1705/1679 676/1706/1680
f 676/1706/1680 799/1705/1679 798/1707/1681
f 676/1706/1680 798/1707/1681 677/1708/1682
f 677/1708/1682 798/1707/1681 797/1709/1683
f 677/1708/1682 797/1709/1683 678/1710/1684
f 678/1710/1684 797/1709/1683 796/1711/1685
f 678/1710/1684 796/1711/1685 679/1712/1686
f 679/1712/1686 796/1711/1685 795/1713/1687
f 679/1712/1686 795/1713/1687 680/1714/1688
f 680/1714/1688 795/1713/1687 794/1715/1689
f 680/1714/1688 794/1715/1689 681/1716/1690
f 681/1716/1690 794/1715/1689 793/1717/1691
f 681/1716/1690 793/1717/1691 682/1718/1692
f 682/1718/1692 793/1717/1691 792/1719/1693
f 682/1718/1692 792/1719/1693 683/1720/1694
f 683/1720/1694 792/1719/1693 791/1721/1695
f 683/1720/1694 791/1721/1695 684/1722/1696
f 684/1722/1696 791/1721/1695 790/1723/1544
f 684/1722/1696 790/1723/1544 685/1724/1543
f 828/1725/1622 647/1726/1621 829/1727/1697
f 829/1727/1697 647/1726/1621 751/1728/1698
f 829/1727/1697 751/1728/1698 750/1729/1699
f 749/1730/1700 831/1731/1701 750/1729/1699
f 750/1729/1699 831/1731/1701 830/1732/1702
f 750/1729/1699 830/1732/1702 829/1727/1697
f 842/1733/1703 738/1734/1704 843/1735/1705
f 843/1735/1705 738/1734/1704 737/1736/1706
f 723/1737/1620 752/1738/1619 724/1739/1707
f 724/1739/1707 752/1738/1619 856/1740/1708
f 724/1739/1707 856/1740/1708 855/1741/1709
f 854/1742/1710 726/1743/1711 855/1741/1709
f 855/1741/1709 726/1743/1711 725/1744/1712
f 855/1741/1709 725/1744/1712 724/1739/1707
f 831/1745/1701 749/1746/1700 832/1747/1713
f 832/1747/1713 749/1746/1700 748/1748/1714
f 832/1747/1713 748/1748/1714 833/1749/1715
f 833/1749/1715 748/1748/1714 747/1750/1716
f 833/1749/1715 747/1750/1716 834/1751/1717
f 834/1751/1717 747/1750/1716 746/1752/1718
f 834/1751/1717 746/1752/1718 835/1753/1719
f 835/1753/1719 746/1752/1718 745/1754/1720
f 835/1753/1719 745/1754/1720 836/1755/1721
f 836/1755/1721 745/1754/1720 744/1756/1722
f 836/1755/1721 744/1756/1722 837/1757/1723
f 837/1757/1723 744/1756/1722 743/1758/1724
f 837/1757/1723 743/1758/1724 838/1759/1725
f 838/1759/1725 743/1758/1724 742/1760/1726
f 838/1759/1725 742/1760/1726 839/1761/1727
f 839/1761/1727 742/1760/1726 741/1762/1728
f 839/1761/1727 741/1762/1728 840/1763/1729
f 840/1763/1729 741/1762/1728 740/1764/1730
f 840/1763/1729 740/1764/1730 841/1765/1731
f 841/1765/1731 740/1764/1730 739/1766/1732
f 841/1765/1731 739/1766/1732 842/1767/1703
f 842/1767/1703 739/1766/1732 738/1768/1704
f 843/1769/1705 737/1770/1706 844/1771/1733
f 844/1771/1733 737/1770/1706 736/1772/1734
f 844/1771/1733 736/1772/1734 845/1773/1735
f 845/1773/1735 736/1772/1734 735/1774/1736
f 845/1773/1735 735/1774/1736 846/1775/1737
f 846/1775/1737 735/1774/1736 734/1776/1738
f 846/1775/1737 734/1776/1738 847/1777/1739
f 847/1777/1739 734/1776/1738 733/1778/1740
f 847/1777/1739 733/1778/1740 848/1779/1741
f 848/1779/1741 733/1778/1740 732/1780/1742
f 848/1779/1741 732/1780/1742 849/1781/1743
f 849/1781/1743 732/1780/1742 731/1782/1744
f 849/1781/1743 731/1782/1744 850/1783/1745
f 850/1783/1745 731/1782/1744 730/1784/1746
f 850/1783/1745 730/1784/1746 851/1785/1747
f 851/1785/1747 730/1784/1746 729/1786/1748
f 851/1785/1747 729/1786/1748 852/1787/1749
f 852/1787/1749 729/1786/1748 728/1788/1750
f 852/1787/1749 728/1788/1750 853/1789/1751
f 853/1789/1751 728/1788/1750 727/1790/1752
f 853/1789/1751 727/1790/1752 854/1791/1710
f 854/1791/1710 727/1790/1752 726/1792/1711
# 856 vertices
# 1792 texture params
# 1752 normals
# 1700 facets

# 5 groups
